Profile Name,Country Iso Code,Device,Is Kids,Query Typed,Displayed Name,Action,Section,Utc Timestamp
Hana,FR,HTML 5,0,un plan parfait,Un plan parfait,play,title_results,2021-11-19 19:54:02
Hana,FR,Android Phone,0,sugar,Zumbo's Just Desserts,view_video_info,title_results,2021-11-15 18:02:21
Hana,FR,Android Phone,0,sugar,Sugar Rush,view_video_info,title_results,2021-11-15 18:02:10
Hana,FR,Android Phone,0,sugar,Une seconde chance : Rivales,play,video_info,2021-11-15 18:01:23
Hana,FR,Android Phone,0,sugar,Une seconde chance : Rivales,view_video_info,title_results,2021-11-15 18:01:13
Hana,FR,Android Phone,0,sugar,En bref,view_video_info,title_results,2021-11-15 18:00:28
Hana,FR,Android Phone,0,sugar,Zumbo's Just Desserts,view_video_info,title_results,2021-11-15 18:00:05
Hana,FR,Android Phone,0,school of ,School of Chocolate,view_video_info,title_results,2021-11-15 17:53:54
Hana,FR,Android Phone,0,raid din,Un plan parfait,play,video_info,2021-11-13 19:03:25
Hana,FR,Android Phone,0,raid din,Un plan parfait,view_video_info,title_results,2021-11-13 19:03:06
Hana,FR,Android Phone,0,blackman,Wanted : Choisis ton destin,view_video_info,title_results,2021-10-31 18:20:43
Hana,FR,Android Phone,0,blackman,Men in Black,view_video_info,title_results,2021-10-31 18:18:18
Hana,FR,Android Phone,0,jonny,Johnny English,view_suggestion_info,suggestion_results,2021-10-29 19:41:35
Hana,FR,Android Phone,0,danse classique ,Tiny Pretty Things,play,video_info,2021-10-22 16:05:25
Hana,FR,Android Phone,0,danse classique ,Tiny Pretty Things,play,title_results,2021-10-22 16:05:20
Hana,FR,Android Phone,0,danse classique ,Tiny Pretty Things,play,title_results,2021-10-22 16:05:14
Hana,FR,Android Phone,0,danse classique ,,play,video_info,2021-10-22 15:51:33
Hana,FR,Android Phone,0,danse classique ,,play,popularSearches,2021-10-22 15:51:26
Hana,FR,Android Phone,0,danse classique ,,play,video_info,2021-10-22 15:51:24
Hana,FR,Android Phone,0,danse classique ,,view_video_info,popularSearches,2021-10-22 15:51:00
Hana,FR,Android Phone,0,spiri,"Spirit, l'étalon des plaines",play,video_info,2021-08-20 20:06:19
Hana,FR,Android Phone,0,spiri,"Spirit, l'étalon des plaines",view_video_info,title_results,2021-08-20 20:06:01
Hana,FR,HTML 5,0,les mini,Les Minions,play,title_results,2021-08-19 19:44:54
Hana,FR,Android Phone,0,,Les Minions,play,video_info,2021-08-19 19:03:35
Hana,FR,Android Phone,0,,Les Minions,view_video_info,popularSearches,2021-08-19 19:03:01
Hana,FR,Android Phone,0,,"Moi, moche et méchant 2",play,video_info,2021-08-19 19:01:57
Hana,FR,Android Phone,0,,"Moi, moche et méchant 2",view_video_info,popularSearches,2021-08-19 19:01:46
Hana,FR,HTML 5,0,emo,Le Monde secret des Emojis,play,title_results,2021-08-16 20:46:23
Hana,FR,Android Phone,0,élite ,Élite,view_video_info,title_results,2021-08-13 21:24:08
Hana,FR,Android Phone,0,,,play,video_info,2021-08-07 12:38:57
Hana,FR,Android Phone,0,,,view_video_info,popularSearches,2021-08-07 12:38:47
Hana,FR,Android Phone,0,top chef,Sugar Rush,view_video_info,title_results,2021-08-07 12:37:57
Hana,FR,Android Phone,0,lilly,"Extremely Wicked, Shockingly Evil and Vile",view_video_info,title_results,2021-07-21 14:20:01
Hana,FR,Android Phone,0,jongoma,Le jardin des météores,view_video_info,title_results,2021-07-19 01:15:49
Hana,FR,Android Phone,0,jongoma,It's Okay to Not Be Okay,view_video_info,title_results,2021-07-19 01:13:51
Hana,FR,Android Phone,0,jongoma,Descendants of the Sun,view_video_info,title_results,2021-07-19 01:12:54
Hana,FR,Android Phone,0,jongoma,The Moon That Embraces The Sun,play,video_info,2021-07-19 01:12:05
Hana,FR,Android Phone,0,jongoma,The Moon That Embraces The Sun,play,title_results,2021-07-19 01:11:42
Hana,FR,Android Phone,0,jongoma,The Moon That Embraces The Sun,play,video_info,2021-07-19 01:11:37
Hana,FR,Android Phone,0,jongoma,The Moon That Embraces The Sun,view_video_info,title_results,2021-07-19 01:11:22
Hana,FR,Android Phone,0,jongoma,Triad Princess,view_video_info,title_results,2021-07-19 01:11:19
Hana,FR,Android Phone,0,geisha,365 jours,view_video_info,title_results,2021-07-19 01:10:13
Hana,FR,Android Phone,0,geisha,Le Temps des samouraïs : Les origines sanglantes du Japon,view_video_info,title_results,2021-07-19 01:09:57
Hana,FR,Android Phone,0,geisha,"Saimdang, Memoir of Colors",view_video_info,title_results,2021-07-19 01:09:02
Hana,FR,Android Phone,0,geisha,Le dernier samouraï,view_video_info,title_results,2021-07-19 01:08:55
Hana,FR,Android Phone,0,ge,Génération 56k,view_video_info,title_results,2021-07-19 01:08:13
Hana,FR,Android Phone,0,chou,Chouchou,play,video_info,2021-07-14 11:30:38
Hana,FR,Android Phone,0,chou,Chouchou,view_video_info,title_results,2021-07-14 11:30:06
Hana,FR,Android Phone,0,h,The Huntsman: Winter's War,view_video_info,title_results,2021-07-14 11:29:35
Hana,FR,Android Phone,0,h,H,view_video_info,title_results,2021-07-14 11:28:51
Hana,FR,Android Phone,0,h,H,view_video_info,title_results,2021-07-14 11:28:33
Hana,FR,Android Phone,0,,Twilight - chapitre 4 : révélation 1ère partie,play,video_info,2021-07-05 16:35:56
Hana,FR,Android Phone,0,,Twilight - chapitre 4 : révélation 1ère partie,view_video_info,popularSearches,2021-07-05 16:35:54
Hana,FR,Android Phone,0,the circle,Next in Fashion,view_video_info,title_results,2021-04-20 08:40:11
Hana,FR,Android Phone,0,coco,Coco,play,video_info,2021-04-16 20:04:46
Hana,FR,Android Phone,0,coco,Coco,view_video_info,title_results,2021-04-16 20:04:30
Hana,FR,Android Phone,0,unbe,Unbelievable,view_video_info,title_results,2021-04-16 18:19:56
Hana,FR,Android Phone,0,er,Erased,view_video_info,title_results,2021-03-15 08:34:26
Hana,FR,Android Phone,0,erased ,Erased,view_video_info,title_results,2021-03-14 20:00:56
Hana,FR,Android Phone,0,erased ,Erased,view_video_info,title_results,2021-03-14 20:00:48
Hana,FR,Android Phone,0,imi,The Imitation Game,view_video_info,title_results,2021-02-10 13:58:35
Hana,FR,Android Phone,0,hunter ,Hunter X Hunter (2011),play,video_info,2021-02-10 11:55:50
Hana,FR,Android Phone,0,hunter ,Hunter X Hunter (2011),play,title_results,2021-02-10 11:36:11
Hana,FR,Android Phone,0,hunter ,Hunter X Hunter (2011),play,video_info,2021-02-10 11:36:07
Hana,FR,Android Phone,0,hunter ,Hunter X Hunter (2011),view_video_info,title_results,2021-02-10 11:35:48
Hana,FR,Android Phone,0,dance,Tiny Pretty Things,play,video_info,2021-02-10 01:29:02
Hana,FR,Android Phone,0,dance,Tiny Pretty Things,play,title_results,2021-02-10 01:28:32
Hana,FR,Android Phone,0,dance,Tiny Pretty Things,play,title_results,2021-02-10 01:28:31
Hana,FR,Android Phone,0,dance,Tiny Pretty Things,play,video_info,2021-02-10 01:28:27
Hana,FR,Android Phone,0,dance,Tiny Pretty Things,play,title_results,2021-02-10 01:27:24
Hana,FR,Android Phone,0,dance,Tiny Pretty Things,play,video_info,2021-02-10 01:24:34
Hana,FR,Android Phone,0,dance,Tiny Pretty Things,play,title_results,2021-02-10 01:24:11
Hana,FR,Android Phone,0,dance,Tiny Pretty Things,play,title_results,2021-02-10 01:24:10
Hana,FR,Android Phone,0,dance,Tiny Pretty Things,play,title_results,2021-02-10 01:24:06
Hana,FR,Android Phone,0,dance,Tiny Pretty Things,play,video_info,2021-02-10 01:24:03
Hana,FR,Android Phone,0,dance,Tiny Pretty Things,view_video_info,title_results,2021-02-10 01:23:55
Hana,FR,Android Phone,0,ang,Angel Beats !,view_video_info,title_results,2021-02-10 01:23:29
Hana,FR,Android Phone,0,ang,Angel Beats !,play,video_info,2021-02-10 01:14:21
Hana,FR,Android Phone,0,ang,Angel Beats !,play,title_results,2021-02-10 01:13:49
Hana,FR,Android Phone,0,ang,Angel Beats !,play,video_info,2021-02-10 01:13:40
Hana,FR,Android Phone,0,ang,Angel Beats !,view_video_info,title_results,2021-02-10 01:13:24
Hana,FR,Android Phone,0,murder,Murder,view_video_info,title_results,2021-02-09 18:01:53
Hana,FR,Android Phone,0,snow ,,view_video_info,popularSearches,2021-02-09 17:56:07
Hana,FR,Android Phone,0,la pour toi ,Toujours là pour toi,view_video_info,title_results,2021-02-09 17:55:42
Hana,FR,Android Phone,0,saint seya ,Saint Seiya - Les Chevaliers du Zodiaque : chapitre Hadès,play,title_results,2021-02-01 18:57:05
Hana,FR,Android Phone,0,saint seya ,Saint Seiya - Les Chevaliers du Zodiaque : chapitre Hadès,play,video_info,2021-02-01 18:56:58
Hana,FR,Android Phone,0,saint seya ,Saint Seiya - Les Chevaliers du Zodiaque : chapitre Hadès,view_video_info,title_results,2021-02-01 18:56:52
Hana,FR,Android Phone,0,chocolat et vanilla,Dix pour cent,view_video_info,title_results,2021-01-28 08:21:32
Hana,FR,Android Phone,0,l'atta,L'Attaque des Titans,view_video_info,title_results,2021-01-25 17:23:22
Hana,FR,Android Phone,0,lupin,,play,title_results,2021-01-08 18:30:43
Hana,FR,Android Phone,0,lupin,Lupin,view_video_info,title_results,2021-01-08 18:30:28
Hana,FR,Android Phone,0,les winx,Winx Club,view_video_info,title_results,2020-12-13 17:48:27
Hana,FR,Android Phone,0,les winx,Le monde des Winx,view_video_info,title_results,2020-12-13 17:47:36
Hana,FR,Android Phone,0,gâteaux ,Mets et merveilles,play,video_info,2020-10-02 19:49:39
Hana,FR,Android Phone,0,gâteaux ,Mets et merveilles,view_video_info,title_results,2020-10-02 19:49:34
Hana,FR,Android Phone,0,mother,I Am Mother,play,video_info,2020-08-29 20:38:31
Hana,FR,Android Phone,0,mother,I Am Mother,view_video_info,title_results,2020-08-29 20:38:28
Hana,FR,Android Phone,0,zumbo,Zumbo's Just Desserts,play,video_info,2020-08-29 18:01:02
Hana,FR,Android Phone,0,zumbo,Zumbo's Just Desserts,view_video_info,title_results,2020-08-29 18:00:45
Hana,FR,Android Phone,0,mother ,I Am Mother,play,video_info,2020-08-28 21:31:54
Hana,FR,Android Phone,0,mother ,I Am Mother,view_video_info,title_results,2020-08-28 21:31:43
Hana,FR,Android Phone,0,iam ,The Rain,view_video_info,title_results,2020-08-28 21:31:13
Hana,FR,Android Phone,0,iam ,I Am Mother,view_video_info,title_results,2020-08-28 21:30:42
Hana,FR,Android Phone,0,iam ,I Am Not Your Negro,view_video_info,title_results,2020-08-28 21:30:38
Hana,FR,Android Phone,0,burle,Valentine's Day,view_video_info,title_results,2020-08-25 21:26:00
Hana,FR,Android Phone,0,burlesque,Burlesque,play,video_info,2020-08-25 19:33:27
Hana,FR,Android Phone,0,burlesque,Burlesque,view_video_info,title_results,2020-08-25 19:33:24
Hana,FR,Android Phone,0,cur,Cursed : La rebelle,view_video_info,title_results,2020-08-18 22:22:37
Hana,FR,Android Phone,0,suga,Sugar Rush,view_video_info,title_results,2020-08-17 17:42:52
Hana,FR,Android Phone,0,cur,Cursed : La rebelle,view_video_info,title_results,2020-08-16 06:32:19
Hana,FR,Android Phone,0,next in fashion,Love Is Blind,view_video_info,title_results,2020-08-15 18:41:41
Hana,FR,Android Phone,0,next in fashion,Next in Fashion,view_video_info,title_results,2020-08-15 18:41:24
Hana,FR,Android Phone,0,project ,Next in Fashion,play,video_info,2020-08-09 20:55:54
Hana,FR,Android Phone,0,project ,Next in Fashion,view_video_info,title_results,2020-08-09 20:55:44
Hana,FR,Android Phone,0,,Les 100,view_video_info,popularSearches,2020-07-18 05:51:49
Hana,FR,Android Phone,0,the en,The I-Land,view_video_info,title_results,2020-07-18 05:50:57
Hana,FR,Android Phone,0,the en,Insatiable,view_video_info,title_results,2020-07-18 05:50:39
Hana,FR,Android Phone,0,the en,The English Game,view_video_info,title_results,2020-07-18 05:49:55
Hana,FR,Android Phone,0,pro,The Protector,view_video_info,title_results,2020-07-16 17:53:26
Hana,FR,Android Phone,0,the pro,The Protector,play,video_info,2020-07-14 20:35:47
Hana,FR,Android Phone,0,the pro,The Protector,view_video_info,title_results,2020-07-14 20:35:40
Hana,FR,Android Phone,0,prot,The Protector,play,video_info,2020-07-12 19:44:58
Hana,FR,Android Phone,0,prot,The Protector,view_video_info,title_results,2020-07-12 19:44:55
Hana,FR,Android Phone,0,prot,Mission: Impossible - Protocole Fantôme,view_video_info,title_results,2020-07-12 19:44:50
Hana,FR,Android Phone,0,boys,Boys Over Flowers,play,video_info,2020-07-12 19:36:07
Hana,FR,Android Phone,0,boys,Boys Over Flowers,view_video_info,title_results,2020-07-12 19:35:51
Hana,FR,Android Phone,0,it',It's Okay to Not Be Okay,view_video_info,title_results,2020-07-12 19:34:52
Hana,FR,Android Phone,0,24h ,Mission: Impossible - Rogue Nation,view_video_info,title_results,2020-07-11 19:32:53
Hana,FR,Android Phone,0,jane ,Jane the Virgin,view_video_info,title_results,2020-07-06 18:15:52
Hana,FR,Android Phone,0,devdas,Laisse parler ton cœur,view_video_info,title_results,2020-06-30 16:25:56
Hana,FR,Android Phone,0,devdas,La Famille Indienne,view_video_info,title_results,2020-06-30 16:25:42
Hana,FR,Android Phone,0,passenger,Passengers,view_video_info,title_results,2020-06-30 16:22:43
Hana,FR,Android Phone,0,inhumans,Supergirl,view_video_info,title_results,2020-06-30 00:30:48
Hana,FR,Android Phone,0,100,Les 100,play,title_results,2020-06-24 19:27:08
Hana,FR,Android Phone,0,100,Les 100,view_video_info,title_results,2020-06-24 18:56:09
Hana,FR,Android Phone,0,100,The I-Land,view_video_info,title_results,2020-06-24 18:55:55
Hana,FR,Android Phone,0,100,Lucifer,view_video_info,title_results,2020-06-24 18:55:55
Hana,FR,Android Phone,0,100,Dix pour cent,view_video_info,title_results,2020-06-24 18:55:27
Hana,FR,Android Phone,0,100,Les 100,view_video_info,title_results,2020-06-24 18:55:15
Hana,FR,Android Phone,0,les chevaliers du zodiaque ,Saint Seiya - Les Chevaliers du Zodiaque : chapitre Hadès,play,video_info,2020-06-20 16:07:31
Hana,FR,Android Phone,0,les chevaliers du zodiaque ,Saint Seiya - Les Chevaliers du Zodiaque : chapitre Hadès,view_video_info,title_results,2020-06-20 16:05:41
Hana,FR,Android Phone,0,les chevaliers du zodiaque ,SAINT SEIYA : Les Chevaliers du Zodiaque,view_video_info,title_results,2020-06-20 16:05:20
Hana,FR,Android Phone,0,les chevaliers du zodiaque ,Les Chevaliers du Zodiaque : La légende du Sanctuaire,view_video_info,title_results,2020-06-20 16:05:07
Hana,FR,Android Phone,0,le secret du sable bleu,DJ Cendrillon,view_video_info,title_results,2020-06-20 16:03:13
Hana,FR,Android Phone,0,baby bo,Baby Boss : les affaires reprennent,view_video_info,title_results,2020-06-18 11:40:35
Hana,FR,Android Phone,0,baby bo,Baby Boss,view_video_info,title_results,2020-06-18 11:40:22
Hana,FR,Android Phone,0,baby bo,Baby Boss : les affaires reprennent,view_video_info,title_results,2020-06-18 11:40:19
Hana,FR,Android Phone,0,baby bo,Baby Boss,play,title_results,2020-06-18 11:39:40
Hana,FR,Android Phone,0,baby bo,Baby Boss : les affaires reprennent,view_video_info,title_results,2020-06-18 11:39:36
Hana,FR,Android Phone,0,baby bo,Baby Boss,play,video_info,2020-06-18 11:39:20
Hana,FR,Android Phone,0,baby bo,Baby Boss,view_video_info,title_results,2020-06-18 11:39:08
Hana,FR,Android Phone,0,,,view_video_info,popularSearches,2020-06-12 06:41:47
Hana,FR,Android Phone,0,,,view_video_info,popularSearches,2020-06-12 06:41:27
Hana,FR,Android Phone,0,,,view_video_info,popularSearches,2020-06-12 06:41:13
Hana,FR,Android Phone,0,,,play,video_info,2020-06-12 06:40:55
Hana,FR,Android Phone,0,,,view_video_info,popularSearches,2020-06-12 06:40:38
Hana,FR,Android Phone,0,,,view_video_info,popularSearches,2020-06-12 06:40:09
Hana,FR,Android Phone,0,,,view_video_info,popularSearches,2020-06-12 06:39:46
Hana,FR,Android Phone,0,,,view_video_info,popularSearches,2020-06-12 06:39:19
Hana,FR,Android Phone,0,,Scooby-Doo 2 : les monstres se déchaînent,view_video_info,popularSearches,2020-06-12 06:39:00
Hana,FR,Android Phone,0,,Scooby-Doo 2 : les monstres se déchaînent,play,video_info,2020-06-12 06:39:00
Hana,FR,Android Phone,0,selena gomez,,view_video_info,title_results,2020-05-19 10:43:00
Hana,FR,Android Phone,0,selena gomez,Spring Breakers,view_video_info,title_results,2020-05-19 10:42:39
Hana,FR,Android Phone,0,selena gomez,,view_video_info,title_results,2020-05-19 10:39:25
Hana,FR,Android Phone,0,selena gomez,The Fundamentals of Caring,view_video_info,title_results,2020-05-19 10:39:09
Hana,FR,Android Phone,0,selena gomez,Raising the Bar,view_video_info,title_results,2020-05-19 10:38:45
Hana,FR,Android Phone,0,miss americana,Taylor Swift reputation Stadium Tour,view_video_info,title_results,2020-05-19 10:35:52
Hana,FR,Android Phone,0,miss americana,Miss Americana,play,video_info,2020-05-19 10:35:30
Hana,FR,Android Phone,0,miss americana,Miss Americana,view_video_info,title_results,2020-05-19 10:35:08
Hana,FR,Android Phone,0,13 reasons why,13 Reasons Why,view_video_info,title_results,2020-05-18 16:00:18
Hana,FR,Android Phone,0,13 reasons why,13 Reasons Why : Au-delà des raisons,view_video_info,title_results,2020-05-18 15:59:48
Hana,FR,Android Phone,0,boyq,,play,video_info,2020-05-16 17:48:49
Hana,FR,Android Phone,0,boyq,,view_video_info,title_results,2020-05-16 17:48:41
Hana,FR,Android Phone,0,boyq,Boys Over Flowers,view_video_info,title_results,2020-05-16 17:48:18
Hana,FR,Android Phone,0,boyq,Boys Over Flowers,play,video_info,2020-05-16 17:47:41
Hana,FR,Android Phone,0,boyq,Boys Over Flowers,view_video_info,title_results,2020-05-16 17:47:25
Hana,FR,Android Phone,0,,7. Koğuştaki Mucize,view_video_info,popularSearches,2020-05-16 17:36:35
Hana,FR,Android Phone,0,,White Lines,view_video_info,popularSearches,2020-05-16 17:35:57
Hana,FR,Android Phone,0,reine des neiges,Les sirènes de Mako,play,video_info,2020-05-09 11:24:56
Hana,FR,Android Phone,0,reine des neiges,Les sirènes de Mako,view_video_info,title_results,2020-05-09 11:23:40
Hana,FR,Android Phone,0,reine des neiges,Pokémon : Mewtwo contre-attaque – Évolution,view_video_info,title_results,2020-05-09 11:23:22
Hana,FR,Android Phone,0,reine des neiges,Alvin et les Chipmunks : À fond la caisse,view_video_info,title_results,2020-05-09 11:23:04
Hana,FR,Android Phone,0,à la dérive ,Chez moi,view_video_info,title_results,2020-05-08 17:06:56
Hana,FR,Android Phone,0,à la dérive ,Mirage,view_video_info,title_results,2020-05-08 17:06:46
Hana,FR,Android Phone,0,stran,The I-Land,view_video_info,title_results,2020-04-26 04:04:05
Hana,FR,Android Phone,0,stran,Insatiable,view_video_info,title_results,2020-04-26 04:03:36
Hana,FR,Android Phone,0,stran,The Stranded,view_video_info,title_results,2020-04-26 04:02:48
Hana,FR,Android Phone,0,dark,Dark,view_video_info,title_results,2020-04-26 03:37:48
Hana,FR,Android Phone,0,dark,Dark,play,video_info,2020-04-26 03:33:59
Hana,FR,Android Phone,0,dark,Dark,view_video_info,title_results,2020-04-26 03:33:48
Hana,FR,Android Phone,0,dark,"Darknet, l'autre réseau",view_video_info,title_results,2020-04-26 03:33:18
Hana,FR,Android Phone,0,dark,The Dark Knight Rises,view_video_info,title_results,2020-04-26 03:33:07
Hana,FR,Android Phone,0,super,,view_video_info,title_results,2020-04-21 08:19:10
Hana,FR,Android Phone,0,super,,view_video_info,title_results,2020-04-21 08:18:49
Hana,FR,Android Phone,0,super,,view_video_info,title_results,2020-04-21 08:18:35
Hana,FR,Android Phone,0,super,Super 8,view_video_info,title_results,2020-04-21 08:17:59
Hana,FR,Android Phone,0,super,Supergirl,view_video_info,title_results,2020-04-21 08:17:19
Hana,FR,Android Phone,0,explai,Explained,view_video_info,title_results,2020-04-20 11:24:59
Hana,FR,Android Phone,0,explai,"The Mind, Explained",view_video_info,title_results,2020-04-20 11:22:23
Hana,FR,Android Phone,0,explai,Explained,view_video_info,title_results,2020-04-20 11:21:41
Hana,FR,Android Phone,0,the 1,The 100,view_video_info,title_results,2020-04-20 07:55:22
Hana,FR,Android Phone,0,super,Supergirl,view_video_info,title_results,2020-04-20 07:55:07
Hana,FR,Android Phone,0,lie to me,Lie to Me,view_video_info,title_results,2020-04-20 07:54:29
Hana,FR,Android Phone,0,,Élite,view_video_info,popularSearches,2020-04-16 11:46:49
Hana,FR,Android Phone,0,,Pandémie,view_video_info,popularSearches,2020-04-16 11:46:13
Hana,FR,Android Phone,0,,Riverdale,view_video_info,popularSearches,2020-04-16 11:45:59
Hana,FR,Android Phone,0,black list,Blacklist,view_video_info,title_results,2020-04-16 11:44:44
Hana,FR,Android Phone,0,black list,Peaky Blinders,view_video_info,title_results,2020-04-16 11:44:40
Hana,FR,Android Phone,0,black list,Blacklist,view_video_info,title_results,2020-04-16 11:43:55
Hana,FR,Android Phone,0,picky ,Peaky Blinders,view_video_info,title_results,2020-04-16 11:43:19
Hana,FR,Android Phone,0,stalk,Berlin Syndrome,view_video_info,title_results,2020-04-16 11:42:36
Hana,FR,Android Phone,0,stalk,Chloe,view_video_info,title_results,2020-04-16 11:42:14
Hana,FR,Android Phone,0,insatiable ,Insatiable,view_video_info,title_results,2020-04-14 17:47:58
Hana,FR,Android Phone,0,kang he,Boys Over Flowers,play,video_info,2020-04-13 10:02:46
Hana,FR,Android Phone,0,kang he,Boys Over Flowers,view_video_info,title_results,2020-04-13 10:02:11
Hana,FR,Android Phone,0,kang he,Descendants of the Sun,view_video_info,title_results,2020-04-13 10:01:51
Hana,FR,Android Phone,0,insatia,Insatiable,view_video_info,title_results,2020-04-13 08:51:17
Hana,FR,Android Phone,0,insatia,Insatiable,view_video_info,title_results,2020-04-13 08:47:28
Hana,FR,Android Phone,0,snowden ,Snowden,view_video_info,title_results,2020-04-13 08:41:52
Hana,FR,Android Phone,0,insatia,Insatiable,play,video_info,2020-04-13 08:40:25
Hana,FR,Android Phone,0,insatia,Insatiable,view_video_info,title_results,2020-04-13 08:37:02
Hana,FR,Android Phone,0,,La casa de papel,view_video_info,popularSearches,2020-04-13 08:35:44
Hana,FR,Android Phone,0,insa,Insatiable,play,video_info,2020-04-13 07:06:12
Hana,FR,Android Phone,0,insa,Insatiable,view_video_info,title_results,2020-04-13 07:05:58
Hana,FR,Android Phone,0,,,play,video_info,2020-04-12 17:00:11
Hana,FR,Android Phone,0,,,view_video_info,popularSearches,2020-04-12 17:00:03
Hana,FR,Android Phone,0,deby rayan,Insatiable,play,title_results,2020-04-12 15:50:38
Hana,FR,Android Phone,0,deby rayan,Insatiable,play,video_info,2020-04-12 14:45:55
Hana,FR,Android Phone,0,deby rayan,Insatiable,view_video_info,title_results,2020-04-12 14:45:12
Hana,FR,Android Phone,0,black list,Salt,view_video_info,title_results,2020-04-12 14:44:45
Hana,FR,Android Phone,0,black list,House of Cards,view_video_info,title_results,2020-04-12 14:44:36
Hana,FR,Android Phone,0,black list,Peaky Blinders,view_video_info,title_results,2020-04-12 14:44:24
Hana,FR,Android Phone,0,black list,Blacklist,play,video_info,2020-04-12 14:43:44
Hana,FR,Android Phone,0,black list,Blacklist,view_video_info,title_results,2020-04-12 14:43:42
Tarik,FR,iPhone,0,the ama,The Amazing Spider-Man,play,video_info,2021-08-25 10:56:33
Tarik,FR,iPhone,0,the ama,The Amazing Spider-Man,view_video_info,title_results,2021-08-25 10:56:30
Tarik,FR,HTML 5,0,élite,,play,title_results,2021-08-13 20:37:34
Tarik,FR,iPhone,0,dri,Formula 1: Drive to Survive,play,video_info,2021-07-31 19:39:07
Tarik,FR,iPhone,0,dri,Formula 1: Drive to Survive,view_video_info,title_results,2021-07-31 19:38:55
Tarik,FR,iPhone,0,f,Formula 1 : Pilotes de leur destin,play,video_info,2021-06-23 19:11:28
Tarik,FR,iPhone,0,f,Formula 1 : Pilotes de leur destin,view_video_info,title_results,2021-06-23 19:11:22
Tarik,FR,iPhone,0,f1,Formula 1 : Pilotes de leur destin,play,title_results,2021-06-04 20:00:54
Tarik,FR,iPhone,0,f1,Formula 1 : Pilotes de leur destin,view_video_info,title_results,2021-06-04 19:58:37
Tarik,FR,iPhone,0,casa,La casa de papel,view_video_info,title_results,2021-05-04 09:29:38
Tarik,FR,iPhone,0,,Le Serpent,view_video_info,popularSearches,2021-05-04 09:29:01
Tarik,FR,iPhone,0,,Formula 1 : Pilotes de leur destin,view_video_info,popularSearches,2021-05-04 09:28:39
Tarik,FR,iPhone,0,coco,Coco,play,video_info,2021-04-14 14:18:54
Tarik,FR,iPhone,0,coco,Coco,view_video_info,title_results,2021-04-14 14:18:43
Tarik,FR,HTML 5,0,very bad trip,Very Bad Trip 2,play,title_results,2020-12-26 13:41:19
Tarik,FR,HTML 5,0,very bad trip,Very Bad Trip,play,title_results,2020-12-26 12:01:12
Tarik,FR,HTML 5,0,chambre 2806,Chambre 2806: L’Affaire DSK,play,title_results,2020-12-20 14:19:19
Tarik,FR,iPhone,0,sully,Sully,play,video_info,2020-11-21 19:19:46
Tarik,FR,iPhone,0,sully,Sully,view_video_info,title_results,2020-11-21 19:19:12
Tarik,FR,HTML 5,0,designated,Designated Survivor,play,title_results,2020-10-11 12:07:01
Tarik,FR,HTML 5,0,inters,Interstellar,play,title_results,2020-08-16 11:11:02
Tarik,FR,iPhone,0,ane,Anelka : L'Incompris,view_video_info,title_results,2020-08-07 11:52:48
Tarik,FR,HTML 5,0,les évadés,Les Evadés,play,title_results,2020-07-17 09:16:36
Tarik,FR,HTML 5,0,les éva,Les Evadés,play,title_results,2020-07-13 18:28:28
Tarik,FR,iPhone,0,,Tous en scène,view_video_info,popularSearches,2020-06-30 16:24:15
Tarik,FR,iPhone,0,,Sex Education,view_video_info,popularSearches,2020-06-30 16:24:04
Tarik,FR,iPhone,0,,Peppa Pig,view_video_info,popularSearches,2020-06-30 16:24:01
Tarik,FR,iPhone,0,american sniper,American Sniper,view_video_info,title_results,2020-06-30 16:22:53
Tarik,FR,iPhone,0,americ n,American Sniper,play,video_info,2020-06-28 07:58:44
Tarik,FR,iPhone,0,americ n,American Sniper,view_video_info,title_results,2020-06-28 07:58:38
Tarik,FR,iPhone,0,divergente,Diversion,view_video_info,title_results,2020-06-27 07:29:57
Tarik,FR,iPhone,0,form,Formula 1 : Pilotes de leur destin,play,video_info,2020-06-26 19:25:07
Tarik,FR,iPhone,0,form,Formula 1 : Pilotes de leur destin,play,video_info,2020-06-26 19:24:04
Tarik,FR,iPhone,0,form,Formula 1 : Pilotes de leur destin,view_video_info,title_results,2020-06-26 19:23:39
Tarik,FR,HTML 5,0,sno,Snowden,play,title_results,2020-06-26 12:59:21
Tarik,FR,iPhone,0,13 re,13 Reasons Why,view_video_info,title_results,2020-05-18 16:00:15
Tarik,FR,HTML 5,0,walking dead,The Walking Dead,play,title_results,2020-05-02 16:36:52
Tarik,FR,iPhone,0,pandemie,Pandémie,view_video_info,title_results,2020-04-11 08:22:36
Tarik,FR,iPhone,0,foot,Sunderland : Envers et contre tous,view_video_info,title_results,2020-04-11 08:12:38
Tarik,FR,iPhone,0,foot,Le Jour Parfait,view_video_info,title_results,2020-04-11 08:12:10
Tarik,FR,iPhone,0,fluctuat n,Prison Break,view_video_info,title_results,2020-04-10 19:57:40
Tarik,FR,iPhone,0,fluctuat n,Sex Education,view_video_info,title_results,2020-04-10 19:57:12
Tarik,FR,iPhone,0,fluctuat n,13 Novembre : Fluctuat Nec Mergitur,view_video_info,title_results,2020-04-10 19:56:50
Tarik,FR,iPhone,0,macron ,Freud,view_video_info,title_results,2020-04-10 19:56:06
Tarik,FR,iPhone,0,house,House of Cards,view_video_info,title_results,2020-04-10 17:39:26
Tarik,FR,HTML 5,0,casa de pape,La casa de papel,view_video_info,title_results,2020-04-10 17:14:50
Tarik,FR,HTML 5,0,casa de pape,La casa de papel,play,title_results,2020-04-10 17:14:35
Tarik,FR,HTML 5,0,house of cards,House of Cards,view_video_info,title_results,2020-04-10 17:10:53
Tarik,FR,HTML 5,0,fluctuat nec mergitur,Narcos,play,video_info,2020-04-10 17:05:05
Tarik,FR,HTML 5,0,fluctuat nec mergitur,Narcos,view_video_info,title_results,2020-04-10 17:05:02
Tarik,FR,HTML 5,0,fluctuat nec mergitur,13 Novembre : Fluctuat Nec Mergitur,view_video_info,title_results,2020-04-10 17:03:27
Tarik,FR,HTML 5,0,macron les coulisses d'une victoire,,play,suggestion_title_results,2020-04-10 16:49:05
Tarik,FR,HTML 5,0,macron les coulisses d'une victoire,,view_suggestion_info,suggestion_results,2020-04-10 16:48:51
Tarik,FR,HTML 5,0,macron le coulisses d'une victoire,,view_suggestion_info,suggestion_results,2020-04-10 16:48:49
Tarik,FR,HTML 5,0,macron le coulisse d'une victoire,,view_suggestion_info,suggestion_results,2020-04-10 16:48:47
Tarik,FR,HTML 5,0,macron le coulie d'une victoire,Macron : les coulisses d'une victoire,view_suggestion_info,suggestion_results,2020-04-10 16:48:41
Kids,FR,iPhone,1,moi ,Hôtel Transylvanie 2,view_video_info,title_results,2020-05-09 11:21:06
Both,FR,HTML 5,0,coco,Coco,play,title_results,2021-05-05 10:03:51
Both,FR,HTML 5,0,passenger,,play,title_results,2021-04-04 11:56:41
Both,FR,HTML 5,0,ted,Ted,play,title_results,2020-12-31 22:18:21
Both,FR,HTML 5,0,tuche,Mr Bean : le film le plus catastrophe,play,title_results,2020-12-31 22:16:32
Both,FR,HTML 5,0,sully,Sully,view_video_info,title_results,2020-08-17 18:31:06
Both,FR,HTML 5,0,sully,Sully,play,title_results,2020-08-17 18:30:53
Both,FR,HTML 5,0,black,Blacklist,play,title_results,2020-07-28 19:47:43
Both,FR,HTML 5,0,amis publi,Amis publics,play,video_info,2020-07-01 12:08:22
Both,FR,HTML 5,0,amis publi,Amis publics,view_video_info,title_results,2020-07-01 12:08:18
Both,FR,HTML 5,0,invisible guest,The Invisible Guest,play,title_results,2020-06-30 17:33:05
Both,FR,HTML 5,0,le loup,Le Loup de Wall Street,view_suggestion_info,suggestion_results,2020-06-23 07:14:42
Both,FR,HTML 5,0,man of steel,Man of Steel,play,title_results,2020-06-22 20:06:33
Both,FR,HTML 5,0,superma,Man of Steel,play,title_results,2020-06-22 12:54:09
Both,FR,HTML 5,0,h,Hancock,play,title_results,2020-06-22 11:18:51
Both,FR,HTML 5,0,13,13 Reasons Why,play,video_info,2020-05-26 11:30:17
Both,FR,HTML 5,0,13,13 Reasons Why,view_video_info,title_results,2020-05-26 11:30:13
