Profile Name,Sent Utc Ts,Message Name,Channel,Country Iso Code,Account Locale,Email Locale,Title Name,Email Domain Name,Link Url,Click Utc Ts,Device Model,Click Cnt
Hana,2021-11-20 13:52:42,INAPP_NEW_ARRIVALS,NOTIFICATIONS,FR,,,Christmas Flow,GMAIL.COM,,,,0
Hana,2021-11-20 13:52:42,PUSH_NEW_ARRIVALS,PUSH,FR,fr,fr,Christmas Flow,GMAIL.COM,,,samsung_SM-A520F,0
Hana,2021-11-19 16:02:23,PUSH_NEW_ARRIVALS,PUSH,FR,fr,fr,Hellbound,GMAIL.COM,,,samsung_SM-A520F,0
Hana,2021-11-19 12:25:19,INAPP_NEW_ARRIVALS,NOTIFICATIONS,FR,,,Hellbound,GMAIL.COM,,,,0
Hana,2021-11-15 13:16:16,INAPP_NEW_ARRIVALS,NOTIFICATIONS,FR,,,Red Notice,GMAIL.COM,,,,0
Hana,2021-11-15 13:16:16,PUSH_NEW_ARRIVALS,PUSH,FR,fr,fr,Red Notice,GMAIL.COM,,,samsung_SM-A520F,0
Hana,2021-11-13 12:02:04,PUSH_NEW_ARRIVALS,PUSH,FR,fr,fr,Arcane,GMAIL.COM,,,samsung_SM-A520F,0
Hana,2021-11-13 12:01:08,INAPP_NEW_ARRIVALS,NOTIFICATIONS,FR,,,Arcane,GMAIL.COM,,,,0
Hana,2021-11-06 11:07:30,PUSH_NEW_ARRIVALS,PUSH,FR,fr,fr,Love Hard,GMAIL.COM,,,samsung_SM-A520F,0
Hana,2021-11-05 12:42:28,INAPP_NEW_ARRIVALS,NOTIFICATIONS,FR,,,Love Hard,GMAIL.COM,,,,0
Hana,2021-11-01 12:37:14,PUSH_NEW_ARRIVALS,PUSH,FR,fr,fr,Demon Slayer: Kimetsu no Yaiba,GMAIL.COM,,,samsung_SM-A520F,0
Hana,2021-11-01 12:37:12,INAPP_NEW_ARRIVALS,NOTIFICATIONS,FR,,,Demon Slayer: Kimetsu no Yaiba,GMAIL.COM,,,,0
Hana,2021-10-29 13:55:03,PUSH_COMING_SOON,PUSH,FR,fr,fr,,GMAIL.COM,,,samsung_SM-A520F,0
Hana,2021-10-29 11:09:22,INAPP_COMING_SOON,NOTIFICATIONS,FR,,,,GMAIL.COM,,,samsung_SM-A520F,0
Hana,2021-10-05 11:24:16,PUSH_COMING_SOON,PUSH,FR,fr,fr,,GMAIL.COM,,,samsung_SM-A520F,0
Hana,2021-10-05 10:23:23,INAPP_COMING_SOON,NOTIFICATIONS,FR,,,,GMAIL.COM,,,samsung_SM-A520F,0
Hana,2021-10-03 11:56:06,PUSH_NEW_ARRIVALS,PUSH,FR,fr,fr,Close Enemies,GMAIL.COM,,,samsung_SM-A520F,0
Hana,2021-10-03 11:56:04,INAPP_NEW_ARRIVALS,NOTIFICATIONS,FR,,,Close Enemies,GMAIL.COM,,,,0
Hana,2021-10-02 15:16:04,PUSH_NEW_ARRIVALS,PUSH,FR,fr,fr,Maid,GMAIL.COM,,,samsung_SM-A520F,0
Hana,2021-10-02 15:15:56,INAPP_NEW_ARRIVALS,NOTIFICATIONS,FR,,,Maid,GMAIL.COM,,,,0
Hana,2021-09-30 16:32:32,PUSH_NEW_ARRIVALS,PUSH,FR,fr,fr,Midnight Mass,GMAIL.COM,,,samsung_SM-A520F,0
Hana,2021-09-30 12:14:11,INAPP_NEW_ARRIVALS,NOTIFICATIONS,FR,,,Midnight Mass,GMAIL.COM,,,,0
Hana,2021-09-23 13:52:01,INAPP_NEW_ARRIVALS,NOTIFICATIONS,FR,,,Squid Game,GMAIL.COM,,,samsung_SM-A520F,0
Hana,2021-09-23 13:52:01,PUSH_NEW_ARRIVALS,PUSH,FR,fr,fr,Squid Game,GMAIL.COM,,,samsung_SM-A520F,0
Hana,2021-09-22 11:36:00,PUSH_ORIGINALS_PREPROMOTE,PUSH,FR,fr,fr,Midnight Mass,GMAIL.COM,,,samsung_SM-A520F,0
Hana,2021-09-22 11:35:57,INAPP_ORIGINALS_PREPROMOTE,NOTIFICATIONS,FR,,,Midnight Mass,GMAIL.COM,,,samsung_SM-A520F,0
Hana,2021-09-19 11:16:42,PUSH_NEW_ARRIVALS,PUSH,FR,fr,fr,The Nun,GMAIL.COM,,,samsung_SM-A520F,0
Hana,2021-09-19 11:16:37,INAPP_NEW_ARRIVALS,NOTIFICATIONS,FR,,,The Nun,GMAIL.COM,,,samsung_SM-A520F,0
Hana,2021-09-18 10:06:14,PUSH_CONTINUE_WATCHING,PUSH,FR,fr,fr,Minions,GMAIL.COM,,,samsung_SM-A520F,0
Hana,2021-09-18 10:03:40,INAPP_CONTINUE_WATCHING,NOTIFICATIONS,FR,,,Minions,GMAIL.COM,,,,0
Hana,2021-09-16 10:33:43,PUSH_COMING_SOON,PUSH,FR,fr,fr,,GMAIL.COM,,,samsung_SM-A520F,0
Hana,2021-09-16 10:33:38,INAPP_COMING_SOON,NOTIFICATIONS,FR,,,,GMAIL.COM,,,samsung_SM-A520F,0
Hana,2021-09-15 11:14:34,PUSH_NEW_ARRIVALS,PUSH,FR,fr,fr,Nightbooks,GMAIL.COM,,,samsung_SM-A520F,0
Hana,2021-09-15 10:39:36,INAPP_NEW_ARRIVALS,NOTIFICATIONS,FR,,,Nightbooks,GMAIL.COM,,,,0
Hana,2021-09-11 10:11:23,PUSH_NEW_ARRIVALS,PUSH,FR,fr,fr,Mad Dog,GMAIL.COM,,,samsung_SM-A520F,0
Hana,2021-09-11 10:11:21,INAPP_NEW_ARRIVALS,NOTIFICATIONS,FR,,,Mad Dog,GMAIL.COM,,,,0
Hana,2021-09-10 11:43:11,PUSH_NEW_ARRIVALS_REMIND_ME,PUSH,FR,fr,fr,Kate,GMAIL.COM,,,samsung_SM-A520F,0
Hana,2021-09-10 11:43:10,INAPP_NEW_ARRIVALS_REMIND_ME,NOTIFICATIONS,FR,,,Kate,GMAIL.COM,,,,0
Hana,2021-09-09 16:14:39,PUSH_NEW_ARRIVALS,PUSH,FR,fr,fr,The Women and the Murderer,GMAIL.COM,,,samsung_SM-A520F,0
Hana,2021-09-09 10:32:35,INAPP_NEW_ARRIVALS,NOTIFICATIONS,FR,,,The Women and the Murderer,GMAIL.COM,,,,0
Hana,2021-09-08 11:50:34,INAPP_NEW_ARRIVALS,NOTIFICATIONS,FR,,,JJ+E,GMAIL.COM,,,samsung_SM-A520F,0
Hana,2021-09-08 11:50:34,PUSH_NEW_ARRIVALS,PUSH,FR,fr,fr,JJ+E,GMAIL.COM,,,samsung_SM-A520F,0
Hana,2021-09-05 11:31:21,PUSH_CONTINUE_WATCHING,PUSH,FR,fr,fr,H2O: Just Add Water,GMAIL.COM,,,samsung_SM-A520F,0
Hana,2021-09-05 11:31:18,INAPP_CONTINUE_WATCHING,NOTIFICATIONS,FR,,,H2O: Just Add Water,GMAIL.COM,,2021-09-06 19:12:07,samsung_SM-A520F,1
Hana,2021-09-03 12:01:03,INAPP_NEW_SEASON_ALERT_REMIND_ME,NOTIFICATIONS,FR,,,Money Heist,GMAIL.COM,,,samsung_SM-A520F,0
Hana,2021-09-03 12:01:03,PUSH_NEW_SEASON_ALERT_REMIND_ME,PUSH,FR,fr,fr,Money Heist,GMAIL.COM,,,samsung_SM-A520F,0
Hana,2021-09-01 11:36:53,PUSH_NEW_SEASON_ALERT_REMIND_ME,PUSH,FR,fr,fr,Supergirl,GMAIL.COM,,,samsung_SM-A520F,0
Hana,2021-09-01 11:36:52,INAPP_NEW_SEASON_ALERT_REMIND_ME,NOTIFICATIONS,FR,,,Supergirl,GMAIL.COM,,,samsung_SM-A520F,0
Hana,2021-08-30 13:38:14,INAPP_NEW_ARRIVALS,NOTIFICATIONS,FR,,,He's All That,GMAIL.COM,,,samsung_SM-A520F,0
Hana,2021-08-30 13:38:14,PUSH_NEW_ARRIVALS,PUSH,FR,fr,fr,He's All That,GMAIL.COM,https://www.netflix.com/title/81446038?trkid=13710079&MSG_TITLE=81446038&lnktrk=EMP&g=A80C088540DF4077E7707DB9DD16295D64553A64&lkid=PRIMARY&source=pnums,2021-08-30 13:53:17,samsung_SM-A520F,1
Hana,2021-08-15 11:53:16,INAPP_THUMBS_SHORT_PLAY,NOTIFICATIONS,FR,,,It's Okay to Not Be Okay,GMAIL.COM,,,APPLE_iPhone8-1,0
Hana,2021-08-15 11:53:16,PUSH_THUMBS_SHORT_PLAY,PUSH,FR,fr,fr,It's Okay to Not Be Okay,GMAIL.COM,,,samsung_SM-A520F,0
Hana,2021-08-13 16:25:07,PUSH_NEW_ARRIVALS,PUSH,FR,fr,fr,The Kissing Booth 3,GMAIL.COM,,,samsung_SM-A520F,0
Hana,2021-08-13 16:09:38,INAPP_NEW_ARRIVALS,NOTIFICATIONS,FR,,,The Kissing Booth 3,GMAIL.COM,,,,0
Hana,2021-08-13 11:19:32,PUSH_THUMBS_LONG_PLAY,PUSH,FR,fr,fr,A Christmas Prince,GMAIL.COM,,,samsung_SM-A520F,0
Hana,2021-08-13 11:19:31,INAPP_THUMBS_LONG_PLAY,NOTIFICATIONS,FR,,,A Christmas Prince,GMAIL.COM,,,samsung_SM-A520F,0
Hana,2021-08-09 10:40:33,PUSH_COMING_SOON,PUSH,FR,fr,fr,The Kissing Booth 3,GMAIL.COM,,,samsung_SM-A520F,0
Hana,2021-08-09 10:40:31,INAPP_COMING_SOON,NOTIFICATIONS,FR,,,The Kissing Booth 3,GMAIL.COM,,,,0
Hana,2021-07-29 10:55:36,PUSH_WATCH_IT_AGAIN,PUSH,FR,fr,fr,Saint Seiya: The Hades Chapter,GMAIL.COM,,,samsung_SM-A520F,0
Hana,2021-07-29 10:55:29,INAPP_WATCH_IT_AGAIN,NOTIFICATIONS,FR,,,Saint Seiya: The Hades Chapter,GMAIL.COM,,,,0
Hana,2021-07-29 10:42:25,PUSH_WHAT_TO_WATCH_SUGGESTIONS_HIGHLANDER,PUSH,FR,fr,fr,Sense8,GMAIL.COM,,,samsung_SM-A520F,0
Hana,2021-07-29 10:42:19,INAPP_WHAT_TO_WATCH_SUGGESTIONS_HIGHLANDER,NOTIFICATIONS,FR,,,Sense8,GMAIL.COM,,,,0
Hana,2021-07-28 11:36:32,PUSH_ORIGINALS_PREPROMOTE,PUSH,FR,fr,fr,Resort to Love,GMAIL.COM,,,samsung_SM-A520F,0
Hana,2021-07-28 11:36:16,INAPP_ORIGINALS_PREPROMOTE,NOTIFICATIONS,FR,,,Resort to Love,GMAIL.COM,,,samsung_SM-A520F,0
Hana,2021-07-27 11:02:13,PUSH_TOP_10,PUSH,FR,fr,fr,Blood Red Sky,GMAIL.COM,,,samsung_SM-A520F,0
Hana,2021-07-27 11:01:30,INAPP_TOP_10,NOTIFICATIONS,FR,,,,GMAIL.COM,,,,0
Hana,2021-07-19 10:26:41,PUSH_TOP_10,PUSH,FR,fr,fr,Never Have I Ever,GMAIL.COM,,,samsung_SM-A520F,0
Hana,2021-07-19 10:26:33,INAPP_TOP_10,NOTIFICATIONS,FR,,,,GMAIL.COM,,,,0
Hana,2021-07-05 11:51:34,INAPP_COMING_SOON,NOTIFICATIONS,FR,,,Virgin River,GMAIL.COM,,,samsung_SM-A520F,0
Hana,2021-07-05 11:51:34,PUSH_COMING_SOON,PUSH,FR,fr,fr,Virgin River,GMAIL.COM,,,samsung_SM-A520F,0
Hana,2021-07-01 11:14:39,PUSH_THUMBS_LONG_PLAY,PUSH,FR,fr,fr,High Seas,GMAIL.COM,,,samsung_SM-A520F,0
Hana,2021-07-01 11:14:38,INAPP_THUMBS_LONG_PLAY,NOTIFICATIONS,FR,,,High Seas,GMAIL.COM,,,firefox-cadmium,0
Hana,2021-06-29 10:47:08,PUSH_NEW_SEASON_ALERT,PUSH,FR,fr,fr,The A List,GMAIL.COM,,,samsung_SM-A520F,0
Hana,2021-06-29 10:47:07,INAPP_NEW_SEASON_ALERT,NOTIFICATIONS,FR,,,The A List,GMAIL.COM,,,,0
Hana,2021-06-22 10:44:38,PUSH_WHAT_TO_WATCH_TOP_PICKS_HIGHLANDER,PUSH,FR,fr,fr,The Witcher,GMAIL.COM,,,samsung_SM-A520F,0
Hana,2021-06-22 10:44:30,INAPP_WHAT_TO_WATCH_TOP_PICKS_HIGHLANDER,NOTIFICATIONS,FR,,,The Witcher,GMAIL.COM,,,,0
Hana,2021-06-21 11:14:42,PUSH_TOP_10,PUSH,FR,fr,fr,Elite,GMAIL.COM,,,samsung_SM-A520F,0
Hana,2021-06-21 11:14:29,INAPP_TOP_10,NOTIFICATIONS,FR,,,,GMAIL.COM,,,,0
Hana,2021-06-20 10:40:26,PUSH_NEW_SEASON_ALERT,PUSH,FR,fr,fr,Suits,GMAIL.COM,,,samsung_SM-A520F,0
Hana,2021-06-20 10:40:25,INAPP_NEW_SEASON_ALERT,NOTIFICATIONS,FR,,,Suits,GMAIL.COM,,,,0
Hana,2021-06-17 11:44:55,PUSH_CONTINUE_WATCHING,PUSH,FR,fr,fr,Attack on Titan,GMAIL.COM,,,samsung_SM-A520F,0
Hana,2021-06-17 11:44:34,INAPP_CONTINUE_WATCHING,NOTIFICATIONS,FR,,,Attack on Titan,GMAIL.COM,,,,0
Hana,2021-05-22 11:41:57,PUSH_NEW_SEASON_ALERT,PUSH,FR,fr,fr,Who Killed Sara?,GMAIL.COM,,,samsung_SM-A520F,0
Hana,2021-05-22 11:41:51,INAPP_NEW_SEASON_ALERT,NOTIFICATIONS,FR,,,Who Killed Sara?,GMAIL.COM,,,,0
Hana,2021-05-22 10:48:51,PUSH_CONTINUE_WATCHING,PUSH,FR,fr,fr,Who Killed Sara?,GMAIL.COM,,,samsung_SM-A520F,0
Hana,2021-05-22 10:48:46,INAPP_CONTINUE_WATCHING,NOTIFICATIONS,FR,,,Who Killed Sara?,GMAIL.COM,,,,0
Hana,2021-05-17 11:51:12,INAPP_THUMBS_SHORT_PLAY,NOTIFICATIONS,FR,,,Attack on Titan,GMAIL.COM,,,,0
Hana,2021-05-17 11:51:12,PUSH_THUMBS_SHORT_PLAY,PUSH,FR,fr,fr,Attack on Titan,GMAIL.COM,,,samsung_SM-A520F,0
Hana,2021-05-16 10:33:24,PUSH_WHAT_TO_WATCH_MOVIE_NIGHT_HIGHLANDER,PUSH,FR,fr,fr,Blumhouse's Truth or Dare: Extended Director's Cut,GMAIL.COM,,,samsung_SM-A520F,0
Hana,2021-05-16 10:33:21,INAPP_WHAT_TO_WATCH_MOVIE_NIGHT_HIGHLANDER,NOTIFICATIONS,FR,,,Blumhouse's Truth or Dare: Extended Director's Cut,GMAIL.COM,,,,0
Hana,2021-05-15 11:29:09,INAPP_TOP_10,NOTIFICATIONS,FR,,,,GMAIL.COM,,,,0
Hana,2021-05-15 11:29:09,PUSH_TOP_10,PUSH,FR,fr,fr,Jupiter's Legacy,GMAIL.COM,,,samsung_SM-A520F,0
Hana,2021-05-15 10:07:25,INAPP_WHAT_TO_WATCH_SUGGESTIONS_HIGHLANDER,NOTIFICATIONS,FR,,,The Mitchells vs. The Machines,GMAIL.COM,,,,0
Hana,2021-05-15 10:07:25,PUSH_WHAT_TO_WATCH_SUGGESTIONS_HIGHLANDER,PUSH,FR,fr,fr,The Mitchells vs. The Machines,GMAIL.COM,,,samsung_SM-A520F,0
Hana,2021-05-13 10:16:38,PUSH_CONTINUE_WATCHING,PUSH,FR,fr,fr,Coco,GMAIL.COM,,,samsung_SM-A520F,0
Hana,2021-05-13 10:16:35,INAPP_CONTINUE_WATCHING,NOTIFICATIONS,FR,,,Coco,GMAIL.COM,,,,0
Hana,2021-05-10 10:48:56,PUSH_COMING_SOON,PUSH,FR,fr,fr,Who Killed Sara?,GMAIL.COM,,,samsung_SM-A520F,0
Hana,2021-05-10 10:48:31,INAPP_COMING_SOON,NOTIFICATIONS,FR,,,Who Killed Sara?,GMAIL.COM,,,samsung_SM-A520F,0
Hana,2021-05-09 10:18:24,PUSH_NEW_ARRIVALS,PUSH,FR,fr,fr,Jupiter's Legacy,GMAIL.COM,,,samsung_SM-A520F,0
Hana,2021-05-09 10:14:19,INAPP_NEW_ARRIVALS,NOTIFICATIONS,FR,,,Jupiter's Legacy,GMAIL.COM,,,,0
Hana,2021-05-05 11:44:01,PUSH_TOP_10,PUSH,FR,fr,fr,Shadow and Bone,GMAIL.COM,,,samsung_SM-A520F,0
Hana,2021-05-05 10:58:26,INAPP_TOP_10,NOTIFICATIONS,FR,,,,GMAIL.COM,,,,0
Hana,2021-05-04 11:23:28,PUSH_WHAT_TO_WATCH_MOVIE_NIGHT_HIGHLANDER,PUSH,FR,fr,fr,Love and Monsters,GMAIL.COM,,,samsung_SM-A520F,0
Hana,2021-05-04 11:23:17,INAPP_WHAT_TO_WATCH_MOVIE_NIGHT_HIGHLANDER,NOTIFICATIONS,FR,,,Love and Monsters,GMAIL.COM,,,,0
Hana,2021-05-01 10:48:43,PUSH_NEW_SEASON_ALERT,PUSH,FR,fr,fr,Attack on Titan,GMAIL.COM,,,samsung_SM-A520F,0
Hana,2021-05-01 10:42:40,INAPP_NEW_SEASON_ALERT,NOTIFICATIONS,FR,,,Attack on Titan,GMAIL.COM,,,,0
Hana,2021-04-22 11:07:05,PUSH_NEW_ARRIVALS,PUSH,FR,fr,fr,Zero,GMAIL.COM,,,samsung_SM-A520F,0
Hana,2021-04-22 10:47:31,INAPP_NEW_ARRIVALS,NOTIFICATIONS,FR,,,Zero,GMAIL.COM,,,,0
Hana,2021-04-21 12:45:34,PUSH_ORIGINALS_PREPROMOTE,PUSH,FR,fr,fr,Shadow and Bone,GMAIL.COM,,,samsung_SM-A520F,0
Hana,2021-04-21 12:43:39,INAPP_ORIGINALS_PREPROMOTE,NOTIFICATIONS,FR,,,Shadow and Bone,GMAIL.COM,,,,0
Hana,2021-04-20 10:38:02,PUSH_WATCH_IT_AGAIN,PUSH,FR,fr,fr,The 100,GMAIL.COM,,,samsung_SM-A520F,0
Hana,2021-04-20 10:37:45,INAPP_WATCH_IT_AGAIN,NOTIFICATIONS,FR,,,The 100,GMAIL.COM,,,,0
Hana,2021-04-19 12:23:33,PUSH_ORIGINALS_PREPROMOTE,PUSH,FR,fr,fr,Zero,GMAIL.COM,,,samsung_SM-A520F,0
Hana,2021-04-19 11:23:49,INAPP_ORIGINALS_PREPROMOTE,NOTIFICATIONS,FR,,,Zero,GMAIL.COM,,,,0
Hana,2021-04-18 10:54:54,INAPP_NEW_ARRIVALS,NOTIFICATIONS,FR,,,Love and Monsters,GMAIL.COM,,,,0
Hana,2021-04-18 10:54:54,PUSH_NEW_ARRIVALS,PUSH,FR,fr,fr,Love and Monsters,GMAIL.COM,https://www.netflix.com/title/81277430?trkid=13710079&MSG_TITLE=81277430&lnktrk=EMP&g=A185579E098D228412CAC1A5E097343564558E25&lkid=PRIMARY&source=pnums,2021-04-18 11:09:03,samsung_SM-A520F,1
Hana,2021-04-15 11:12:36,PUSH_CONTINUE_WATCHING,PUSH,FR,fr,fr,Athlete A,GMAIL.COM,,,samsung_SM-A520F,0
Hana,2021-04-15 10:48:50,INAPP_CONTINUE_WATCHING,NOTIFICATIONS,FR,,,Athlete A,GMAIL.COM,,,,0
Hana,2021-03-12 12:08:19,PUSH_NEW_ARRIVALS_REMIND_ME,PUSH,FR,fr,fr,YES DAY,GMAIL.COM,,,samsung_SM-A520F,0
Hana,2021-03-12 12:08:18,INAPP_NEW_ARRIVALS_REMIND_ME,NOTIFICATIONS,FR,,,YES DAY,GMAIL.COM,,,,0
Hana,2021-03-05 12:52:47,INAPP_THUMBS_LONG_PLAY,NOTIFICATIONS,FR,,,Hunter X Hunter (2011),GMAIL.COM,,,,0
Hana,2021-03-05 12:52:47,PUSH_THUMBS_LONG_PLAY,PUSH,FR,fr,fr,Hunter X Hunter (2011),GMAIL.COM,,,samsung_SM-A520F,0
Hana,2021-03-01 11:41:12,PUSH_NEW_SEASON_ALERT_REMIND_ME,PUSH,FR,fr,fr,Attack on Titan,GMAIL.COM,,,samsung_SM-A520F,0
Hana,2021-03-01 11:41:09,INAPP_NEW_SEASON_ALERT_REMIND_ME,NOTIFICATIONS,FR,,,Attack on Titan,GMAIL.COM,,,,0
Hana,2021-02-26 11:47:28,INAPP_COMING_SOON,NOTIFICATIONS,FR,,,Attack on Titan,GMAIL.COM,,,samsung_SM-A520F,0
Hana,2021-02-26 11:47:28,PUSH_COMING_SOON,PUSH,FR,fr,fr,Attack on Titan,GMAIL.COM,,,samsung_SM-A520F,0
Hana,2021-02-16 15:33:14,PUSH_NEW_ARRIVALS_REMIND_ME,PUSH,FR,fr,fr,Animals on the Loose: A You vs. Wild Movie,GMAIL.COM,,,samsung_SM-A520F,0
Hana,2021-02-16 12:24:24,INAPP_NEW_ARRIVALS_REMIND_ME,NOTIFICATIONS,FR,,,Animals on the Loose: A You vs. Wild Movie,GMAIL.COM,,,samsung_SM-A520F,0
Hana,2021-02-09 13:52:52,INAPP_ORIGINALS_PREPROMOTE,NOTIFICATIONS,FR,,,Squared Love,GMAIL.COM,,,samsung_SM-A520F,0
Hana,2021-02-09 13:52:52,PUSH_ORIGINALS_PREPROMOTE,PUSH,FR,fr,fr,Squared Love,GMAIL.COM,,,samsung_SM-A520F,0
Hana,2021-01-17 11:55:36,PUSH_NEW_SEASON_ALERT,PUSH,FR,fr,fr,DC's Legends of Tomorrow,GMAIL.COM,,,samsung_SM-A520F,0
Hana,2021-01-17 11:48:10,INAPP_NEW_SEASON_ALERT,NOTIFICATIONS,FR,,,DC's Legends of Tomorrow,GMAIL.COM,,,samsung_SM-A520F,0
Hana,2021-01-08 12:16:30,PUSH_THUMBS_LONG_PLAY,PUSH,FR,fr,fr,Chilling Adventures of Sabrina,GMAIL.COM,,,samsung_SM-A520F,0
Hana,2021-01-08 12:10:27,INAPP_THUMBS_LONG_PLAY,NOTIFICATIONS,FR,,,Chilling Adventures of Sabrina,GMAIL.COM,,,,0
Hana,2020-12-21 11:51:16,PUSH_COMING_SOON,PUSH,FR,fr,fr,Chilling Adventures of Sabrina,GMAIL.COM,,,samsung_SM-A520F,0
Hana,2020-12-20 12:58:42,PUSH_THUMBS_LONG_PLAY,PUSH,FR,fr,fr,The Princess Switch: Switched Again,GMAIL.COM,,,samsung_SM-A520F,0
Hana,2020-12-20 12:58:25,INAPP_THUMBS_LONG_PLAY,NOTIFICATIONS,FR,,,The Princess Switch: Switched Again,GMAIL.COM,,,,0
Hana,2020-12-20 12:34:04,PUSH_WATCH_IT_AGAIN,PUSH,FR,fr,fr,How to Get Away With Murder,GMAIL.COM,,,samsung_SM-A520F,0
Hana,2020-12-20 12:26:20,INAPP_WATCH_IT_AGAIN,NOTIFICATIONS,FR,,,How to Get Away With Murder,GMAIL.COM,,,,0
Hana,2020-12-13 12:58:28,PUSH_ORIGINALS_PREPROMOTE,PUSH,FR,fr,fr,A California Christmas,GMAIL.COM,,,samsung_SM-A520F,0
Hana,2020-12-13 11:48:34,INAPP_ORIGINALS_PREPROMOTE,NOTIFICATIONS,FR,,,A California Christmas,GMAIL.COM,,,samsung_SM-A520F,0
Hana,2020-11-04 13:38:21,PUSH_BTN_DOWNLOAD,PUSH,FR,fr,fr,The Final Table,GMAIL.COM,,,samsung_SM-A520F,0
Hana,2020-11-04 13:30:31,PUSH_ORIGINALS_PREPROMOTE,PUSH,FR,fr,fr,Operation Christmas Drop,GMAIL.COM,,,samsung_SM-A520F,0
Hana,2020-11-04 11:56:37,INAPP_BTN_DOWNLOAD,NOTIFICATIONS,FR,,,The Final Table,GMAIL.COM,,,,0
Hana,2020-11-04 11:47:20,INAPP_ORIGINALS_PREPROMOTE,NOTIFICATIONS,FR,,,Operation Christmas Drop,GMAIL.COM,,,samsung_SM-A520F,0
Hana,2020-11-01 13:22:21,PUSH_NEW_ARRIVALS,PUSH,FR,fr,fr,Holidate,GMAIL.COM,,,samsung_SM-A520F,0
Hana,2020-11-01 13:05:52,PUSH_WHAT_TO_WATCH_ROW_THEMES,PUSH,FR,fr,fr,Home for Christmas,GMAIL.COM,,,samsung_SM-A520F,0
Hana,2020-11-01 12:08:25,INAPP_WHAT_TO_WATCH_ROW_THEMES_HIGHLANDER,NOTIFICATIONS,FR,,,Home for Christmas,GMAIL.COM,,,samsung_SM-A520F,0
Hana,2020-11-01 11:52:19,INAPP_NEW_ARRIVALS,NOTIFICATIONS,FR,,,Holidate,GMAIL.COM,,,samsung_SM-A520F,0
Hana,2020-10-26 11:46:31,PUSH_COMING_SOON,PUSH,FR,fr,fr,Holidate,GMAIL.COM,,,samsung_SM-A520F,0
Hana,2020-10-20 12:11:31,PUSH_NEW_SEASON_ALERT,PUSH,FR,fr,fr,Unsolved Mysteries,GMAIL.COM,,,samsung_SM-A520F,0
Hana,2020-10-20 10:29:19,INAPP_NEW_SEASON_ALERT,NOTIFICATIONS,FR,,,Unsolved Mysteries,GMAIL.COM,,,,0
Hana,2020-10-17 12:42:54,PUSH_ORIGINALS_PREPROMOTE,PUSH,FR,fr,fr,Unsolved Mysteries,GMAIL.COM,,,samsung_SM-A520F,0
Hana,2020-10-17 11:52:26,INAPP_ORIGINALS_PREPROMOTE,NOTIFICATIONS,FR,,,Unsolved Mysteries,GMAIL.COM,,,samsung_SM-A520F,0
Hana,2020-10-14 13:18:50,PUSH_AFTERGLOW,PUSH,FR,fr,fr,Emily in Paris,GMAIL.COM,,,samsung_SM-A520F,0
Hana,2020-10-14 13:07:53,PUSH_WHAT_TO_WATCH_ROW_THEMES,PUSH,FR,fr,fr,The OA,GMAIL.COM,,,samsung_SM-A520F,0
Hana,2020-10-14 11:59:10,INAPP_AFTERGLOW,NOTIFICATIONS,FR,,,Emily in Paris,GMAIL.COM,,2020-10-15 19:19:17,samsung_SM-A520F,1
Hana,2020-10-14 11:34:15,INAPP_WHAT_TO_WATCH_ROW_THEMES_HIGHLANDER,NOTIFICATIONS,FR,,,The OA,GMAIL.COM,,,samsung_SM-A520F,0
Hana,2020-10-12 12:30:39,PUSH_COMING_SOON,PUSH,FR,fr,fr,BLACKPINK: Light Up the Sky,GMAIL.COM,,,samsung_SM-A520F,0
Hana,2020-09-14 12:54:24,PUSH_COMING_SOON,PUSH,FR,fr,fr,Enola Holmes,GMAIL.COM,,,samsung_SM-A520F,0
Hana,2020-09-14 10:48:49,PUSH_WHAT_TO_WATCH_ROW_THEMES,PUSH,FR,fr,fr,Christmas Inheritance,GMAIL.COM,,,samsung_SM-A520F,0
Hana,2020-09-14 10:07:33,INAPP_WHAT_TO_WATCH_ROW_THEMES_HIGHLANDER,NOTIFICATIONS,FR,,,Christmas Inheritance,GMAIL.COM,,,,0
Hana,2020-08-23 11:50:05,INAPP_NEW_SEASON_ALERT_REMIND_ME,NOTIFICATIONS,FR,,,The Story of God with Morgan Freeman,GMAIL.COM,,,samsung_SM-A520F,0
Hana,2020-08-21 12:14:39,PUSH_NEW_ARRIVALS_REMIND_ME,PUSH,FR,fr,fr,The Sleepover,GMAIL.COM,,,samsung_SM-A520F,0
Hana,2020-08-21 11:58:38,INAPP_NEW_ARRIVALS_REMIND_ME,NOTIFICATIONS,FR,,,The Sleepover,GMAIL.COM,,,samsung_SM-A520F,0
Hana,2020-08-19 13:29:50,PUSH_COMING_SOON,PUSH,FR,fr,fr,Lucifer,GMAIL.COM,,,samsung_SM-A520F,0
Hana,2020-08-12 11:48:58,PUSH_ORIGINALS_PREPROMOTE,PUSH,FR,fr,fr,Project Power,GMAIL.COM,,,samsung_SM-A520F,0
Hana,2020-08-12 11:00:20,INAPP_ORIGINALS_PREPROMOTE,NOTIFICATIONS,FR,,,Project Power,GMAIL.COM,,,samsung_SM-A520F,0
Hana,2020-08-08 12:27:25,PUSH_NEW_SEASON_ALERT_REMIND_ME,PUSH,FR,fr,fr,High Seas,GMAIL.COM,,,samsung_SM-A520F,0
Hana,2020-08-08 12:01:20,PUSH_NEW_ARRIVALS_REMIND_ME,PUSH,FR,fr,fr,Work It,GMAIL.COM,,,samsung_SM-A520F,0
Hana,2020-08-07 15:05:13,INAPP_NEW_ARRIVALS_REMIND_ME,NOTIFICATIONS,FR,,,Work It,GMAIL.COM,,,samsung_SM-A520F,0
Hana,2020-08-07 12:55:38,INAPP_NEW_SEASON_ALERT_REMIND_ME,NOTIFICATIONS,FR,,,High Seas,GMAIL.COM,,,samsung_SM-A520F,0
Hana,2020-08-05 14:38:28,PUSH_ORIGINALS_PREPROMOTE,PUSH,FR,fr,fr,High Seas,GMAIL.COM,,,samsung_SM-A520F,0
Hana,2020-08-05 14:18:40,INAPP_ORIGINALS_PREPROMOTE,NOTIFICATIONS,FR,,,High Seas,GMAIL.COM,,,samsung_SM-A520F,0
Hana,2020-08-04 12:23:54,INAPP_NEW_ARRIVALS_REMIND_ME,NOTIFICATIONS,FR,,,Malibu Rescue: The Next Wave,GMAIL.COM,,,,0
Hana,2020-08-04 12:23:54,PUSH_NEW_ARRIVALS_REMIND_ME,PUSH,FR,fr,fr,Malibu Rescue: The Next Wave,GMAIL.COM,,,samsung_SM-A520F,0
Hana,2020-08-03 13:16:31,PUSH_NEW_SEASON_ALERT,PUSH,FR,fr,fr,Sugar Rush,GMAIL.COM,,,samsung_SM-A520F,0
Hana,2020-08-03 11:57:04,INAPP_NEW_SEASON_ALERT,NOTIFICATIONS,FR,,,Sugar Rush,GMAIL.COM,,,,0
Hana,2020-08-02 11:59:08,PUSH_BTN_ADD_TO_LIST,PUSH,FR,fr,fr,High Seas,GMAIL.COM,,,samsung_SM-A520F,0
Hana,2020-08-02 11:01:04,INAPP_BTN_ADD_TO_LIST,NOTIFICATIONS,FR,,,High Seas,GMAIL.COM,,,,0
Hana,2020-08-01 12:52:49,PUSH_NEW_ARRIVALS_REMIND_ME,PUSH,FR,fr,fr,Get Even,GMAIL.COM,,,samsung_SM-A520F,0
Hana,2020-07-31 14:46:20,INAPP_NEW_ARRIVALS_REMIND_ME,NOTIFICATIONS,FR,,,Get Even,GMAIL.COM,,,,0
Hana,2020-07-17 13:53:33,PUSH_NEW_ARRIVALS_REMIND_ME,PUSH,FR,fr,fr,Cursed,GMAIL.COM,,,samsung_SM-A520F,0
Hana,2020-07-17 13:53:31,INAPP_NEW_ARRIVALS_REMIND_ME,NOTIFICATIONS,FR,,,Cursed,GMAIL.COM,,,samsung_SM-A520F,0
Hana,2020-07-13 11:33:39,PUSH_WHAT_TO_WATCH_ROW_THEMES,PUSH,FR,fr,fr,BAKI,GMAIL.COM,,,samsung_SM-A520F,0
Hana,2020-07-13 11:33:13,INAPP_WHAT_TO_WATCH_ROW_THEMES_HIGHLANDER,NOTIFICATIONS,FR,,,BAKI,GMAIL.COM,,,samsung_SM-A520F,0
Hana,2020-07-12 11:14:21,PUSH_WHAT_TO_WATCH_ROW_THEMES,PUSH,FR,fr,fr,Toy Boy,GMAIL.COM,,,samsung_SM-A520F,0
Hana,2020-07-12 11:14:08,INAPP_WHAT_TO_WATCH_ROW_THEMES_HIGHLANDER,NOTIFICATIONS,FR,,,Toy Boy,GMAIL.COM,,,samsung_SM-A520F,0
Hana,2020-07-10 11:26:05,INAPP_NEW_ARRIVALS_REMIND_ME,NOTIFICATIONS,FR,,,Down to Earth with Zac Efron,GMAIL.COM,,,samsung_SM-A520F,0
Hana,2020-07-10 11:26:05,PUSH_NEW_ARRIVALS_REMIND_ME,PUSH,FR,fr,fr,Down to Earth with Zac Efron,GMAIL.COM,,,samsung_SM-A520F,0
Hana,2020-07-10 11:22:10,INAPP_NEW_ARRIVALS_REMIND_ME,NOTIFICATIONS,FR,,,Passengers,GMAIL.COM,,,samsung_SM-A520F,0
Hana,2020-07-10 11:22:10,PUSH_NEW_ARRIVALS_REMIND_ME,PUSH,FR,fr,fr,Passengers,GMAIL.COM,,,samsung_SM-A520F,0
Hana,2020-07-09 13:22:18,PUSH_NEW_SEASON_ALERT_REMIND_ME,PUSH,FR,fr,fr,The Protector,GMAIL.COM,,,samsung_SM-A520F,0
Hana,2020-07-09 13:21:13,PUSH_NEW_ARRIVALS_REMIND_ME,PUSH,FR,fr,fr,Japan Sinks: 2020,GMAIL.COM,,,samsung_SM-A520F,0
Hana,2020-07-09 13:20:01,INAPP_NEW_SEASON_ALERT_REMIND_ME,NOTIFICATIONS,FR,,,The Protector,GMAIL.COM,,,samsung_SM-A520F,0
Hana,2020-07-09 13:18:59,INAPP_NEW_ARRIVALS_REMIND_ME,NOTIFICATIONS,FR,,,Japan Sinks: 2020,GMAIL.COM,,,samsung_SM-A520F,0
Hana,2020-07-08 10:45:48,INAPP_NEW_ARRIVALS_REMIND_ME,NOTIFICATIONS,FR,,,Stateless,GMAIL.COM,,,samsung_SM-A520F,0
Hana,2020-07-08 10:45:48,PUSH_NEW_ARRIVALS_REMIND_ME,PUSH,FR,fr,fr,Stateless,GMAIL.COM,,,samsung_SM-A520F,0
Hana,2020-07-07 11:36:14,PUSH_ORIGINALS_PREPROMOTE,PUSH,FR,fr,fr,The Protector,GMAIL.COM,,,samsung_SM-A520F,0
Hana,2020-07-07 11:36:04,INAPP_ORIGINALS_PREPROMOTE,NOTIFICATIONS,FR,,,The Protector,GMAIL.COM,,,samsung_SM-A520F,0
Hana,2020-07-07 11:21:13,PUSH_COMING_SOON,PUSH,FR,fr,fr,The Protector,GMAIL.COM,https://www.netflix.com/browse/coming-soon?lnktrk=EMP&g=B0E65287B84B6265FB8E4941C5AF43FF6455519B&lkid=URL_HOME&source=pnmercurymp,2020-07-07 11:29:28,samsung_SM-A520F,1
Hana,2020-07-06 10:26:55,PUSH_NEW_SEASON_ALERT_REMIND_ME,PUSH,FR,fr,fr,Suits,GMAIL.COM,,,samsung_SM-A520F,0
Hana,2020-07-06 10:26:54,INAPP_NEW_SEASON_ALERT_REMIND_ME,NOTIFICATIONS,FR,,,Suits,GMAIL.COM,,,samsung_SM-A520F,0
Hana,2020-07-01 11:37:00,PUSH_NEW_ARRIVALS_REMIND_ME,PUSH,FR,fr,fr,Unsolved Mysteries,GMAIL.COM,,,samsung_SM-A520F,0
Hana,2020-07-01 11:31:17,INAPP_NEW_ARRIVALS_REMIND_ME,NOTIFICATIONS,FR,,,Unsolved Mysteries,GMAIL.COM,,,samsung_SM-A520F,0
Hana,2020-07-01 11:23:20,PUSH_NEW_ARRIVALS_REMIND_ME,PUSH,FR,fr,fr,#AnneFrank - Parallel Stories,GMAIL.COM,,,samsung_SM-A520F,0
Hana,2020-07-01 11:19:25,INAPP_NEW_ARRIVALS_REMIND_ME,NOTIFICATIONS,FR,,,#AnneFrank - Parallel Stories,GMAIL.COM,,,samsung_SM-A520F,0
Hana,2020-06-30 12:33:05,PUSH_CONTINUE_WATCHING,PUSH,FR,fr,fr,The 100,GMAIL.COM,,,samsung_SM-A520F,0
Hana,2020-06-30 12:31:00,PUSH_WATCH_IT_AGAIN,PUSH,FR,fr,fr,Supergirl,GMAIL.COM,,,samsung_SM-A520F,0
Hana,2020-06-30 11:58:55,PUSH_THUMBS_SHORT_PLAY,PUSH,FR,fr,fr,The 100,GMAIL.COM,,,samsung_SM-A520F,0
Hana,2020-06-30 11:35:19,INAPP_CONTINUE_WATCHING,NOTIFICATIONS,FR,,,The 100,GMAIL.COM,,,samsung_SM-A520F,0
Hana,2020-06-30 11:32:06,INAPP_WATCH_IT_AGAIN,NOTIFICATIONS,FR,,,Supergirl,GMAIL.COM,,2020-06-30 16:21:19,samsung_SM-A520F,1
Hana,2020-06-30 10:55:16,INAPP_THUMBS_SHORT_PLAY,NOTIFICATIONS,FR,,,The 100,GMAIL.COM,,,samsung_SM-A520F,0
Hana,2020-06-27 10:59:33,PUSH_NEW_SEASON_ALERT,PUSH,FR,fr,fr,Dark,GMAIL.COM,,,samsung_SM-A520F,0
Hana,2020-06-27 10:36:21,INAPP_NEW_SEASON_ALERT,NOTIFICATIONS,FR,,,Dark,GMAIL.COM,,,samsung_SM-A520F,0
Hana,2020-06-24 12:24:32,PUSH_WHAT_TO_WATCH_TOP_PICKS,PUSH,FR,fr,fr,Pretty Little Liars,GMAIL.COM,,,samsung_SM-A520F,0
Hana,2020-06-24 12:12:44,PUSH_COMING_SOON,PUSH,FR,fr,fr,Dark,GMAIL.COM,,,samsung_SM-A520F,0
Hana,2020-06-24 12:08:21,PUSH_BTN_DOWNLOAD,PUSH,FR,fr,fr,The 100,GMAIL.COM,,,samsung_SM-A520F,0
Hana,2020-06-24 11:40:12,INAPP_WHAT_TO_WATCH,NOTIFICATIONS,FR,,,Pretty Little Liars,GMAIL.COM,,,samsung_SM-A520F,0
Hana,2020-06-24 11:22:00,INAPP_BTN_DOWNLOAD,NOTIFICATIONS,FR,,,The 100,GMAIL.COM,,,samsung_SM-A520F,0
Hana,2020-06-21 10:50:25,PUSH_WHAT_TO_WATCH_TOP_PICKS,PUSH,FR,fr,fr,Arrow,GMAIL.COM,,,samsung_SM-A520F,0
Hana,2020-06-21 10:33:09,INAPP_WHAT_TO_WATCH,NOTIFICATIONS,FR,,,Arrow,GMAIL.COM,,,samsung_SM-A520F,0
Hana,2020-06-19 15:54:40,INAPP_NEW_ARRIVALS_REMIND_ME,NOTIFICATIONS,FR,,,Feel the Beat,GMAIL.COM,,,samsung_SM-A520F,0
Hana,2020-06-19 15:54:40,PUSH_NEW_ARRIVALS_REMIND_ME,PUSH,FR,fr,fr,Feel the Beat,GMAIL.COM,,,samsung_SM-A520F,0
Hana,2020-06-19 14:29:17,PUSH_NEW_SEASON_ALERT,PUSH,FR,fr,fr,Babies,GMAIL.COM,,,samsung_SM-A520F,0
Hana,2020-06-19 14:29:16,INAPP_NEW_SEASON_ALERT,NOTIFICATIONS,FR,,,Babies,GMAIL.COM,,,samsung_SM-A520F,0
Hana,2020-06-17 12:04:13,PUSH_ORIGINALS_PREPROMOTE,PUSH,FR,fr,fr,Babies,GMAIL.COM,,,samsung_SM-A520F,0
Hana,2020-06-17 11:07:01,INAPP_ORIGINALS_PREPROMOTE,NOTIFICATIONS,FR,,,Babies,GMAIL.COM,,,samsung_SM-A520F,0
Hana,2020-06-16 11:28:18,PUSH_COMING_SOON,PUSH,FR,fr,fr,Babies,GMAIL.COM,,,samsung_SM-A520F,0
Hana,2020-06-09 10:43:27,PUSH_COMING_SOON,PUSH,FR,fr,fr,Curon,GMAIL.COM,,2020-06-09 10:47:03,samsung_SM-A520F,1
Hana,2020-06-03 12:46:11,PUSH_TOP_10,PUSH,FR,fr,fr,Dynasty,GMAIL.COM,,,samsung_SM-A520F,0
Hana,2020-06-03 12:46:10,INAPP_TOP_10,NOTIFICATIONS,FR,,,Dynasty,GMAIL.COM,,,samsung_SM-A520F,0
Hana,2020-06-02 10:59:05,PUSH_COMING_SOON,PUSH,FR,fr,fr,Fifty Shades Darker,GMAIL.COM,,,samsung_SM-A520F,0
Hana,2020-06-01 11:37:12,PUSH_NEW_SEASON_ALERT_REMIND_ME,PUSH,FR,fr,fr,Supergirl,GMAIL.COM,,,samsung_SM-A520F,0
Hana,2020-06-01 11:33:58,INAPP_NEW_SEASON_ALERT_REMIND_ME,NOTIFICATIONS,FR,,,Supergirl,GMAIL.COM,,,samsung_SM-A520F,0
Hana,2020-05-26 11:11:06,PUSH_NEW_ARRIVALS,PUSH,FR,fr,fr,Snowpiercer,GMAIL.COM,,,samsung_SM-A520F,0
Hana,2020-05-26 11:11:05,INAPP_NEW_ARRIVALS,NOTIFICATIONS,FR,,,Snowpiercer,GMAIL.COM,,,samsung_SM-A520F,0
Hana,2020-05-25 11:03:26,PUSH_BTN_DOWNLOAD,PUSH,FR,fr,fr,The Fundamentals of Caring,GMAIL.COM,,,samsung_SM-A520F,0
Hana,2020-05-25 11:02:20,INAPP_BTN_DOWNLOAD,NOTIFICATIONS,FR,,,The Fundamentals of Caring,GMAIL.COM,,,samsung_SM-A520F,0
Hana,2020-05-24 10:49:09,PUSH_ORIGINALS_PREPROMOTE,PUSH,FR,fr,fr,Snowpiercer,GMAIL.COM,,,samsung_SM-A520F,0
Hana,2020-05-24 10:49:06,INAPP_ORIGINALS_PREPROMOTE,NOTIFICATIONS,FR,,,Snowpiercer,GMAIL.COM,,,firefox-cadmium,0
Hana,2020-05-22 12:27:40,PUSH_BTN_DOWNLOAD,PUSH,FR,fr,fr,Raising the Bar,GMAIL.COM,,,samsung_SM-A520F,0
Hana,2020-05-22 11:48:09,INAPP_BTN_DOWNLOAD,NOTIFICATIONS,FR,,,Raising the Bar,GMAIL.COM,,2020-05-30 21:37:13,samsung_SM-A520F,1
Hana,2020-05-19 10:56:42,PUSH_ORIGINALS_PREPROMOTE,PUSH,FR,fr,fr,Blood & Water,GMAIL.COM,,,samsung_SM-A520F,0
Hana,2020-05-19 10:31:04,INAPP_ORIGINALS_PREPROMOTE,NOTIFICATIONS,FR,,,Blood & Water,GMAIL.COM,,,,0
Hana,2020-05-15 11:14:52,PUSH_COMING_SOON,PUSH,FR,fr,fr,Supergirl,GMAIL.COM,,,samsung_SM-A520F,0
Hana,2020-05-14 10:45:06,PUSH_NEW_SEASON_ALERT,PUSH,FR,fr,fr,The Blacklist,GMAIL.COM,,,samsung_SM-A520F,0
Hana,2020-05-14 10:31:08,INAPP_NEW_SEASON_ALERT,NOTIFICATIONS,FR,,,The Blacklist,GMAIL.COM,,,samsung_SM-A520F,0
Hana,2020-05-06 11:53:46,PUSH_BTN_DOWNLOAD,PUSH,FR,fr,fr,Supergirl,GMAIL.COM,,,samsung_SM-A520F,0
Hana,2020-05-06 11:46:08,INAPP_BTN_DOWNLOAD,NOTIFICATIONS,FR,,,Supergirl,GMAIL.COM,,,samsung_SM-A520F,0
Hana,2020-05-04 10:52:50,PUSH_NEW_ARRIVALS,PUSH,FR,fr,fr,Dangerous Lies,GMAIL.COM,,,samsung_SM-A520F,0
Hana,2020-05-04 10:14:31,INAPP_NEW_ARRIVALS,NOTIFICATIONS,FR,,,Dangerous Lies,GMAIL.COM,,,samsung_SM-A520F,0
Hana,2020-05-03 14:05:02,INAPP_NEW_ARRIVALS,NOTIFICATIONS,FR,,,The Half Of It,GMAIL.COM,,,samsung_SM-A520F,0
Hana,2020-05-03 14:05:02,PUSH_NEW_ARRIVALS,PUSH,FR,fr,fr,The Half Of It,GMAIL.COM,,,samsung_SM-A520F,0
Hana,2020-05-02 10:42:04,PUSH_COMING_SOON,PUSH,FR,fr,fr,The Blacklist,GMAIL.COM,,,samsung_SM-A520F,0
Hana,2020-04-29 12:01:27,PUSH_WHAT_TO_WATCH_SUGGESTIONS,PUSH,FR,fr,fr,Riverdale,GMAIL.COM,,,samsung_SM-A520F,0
Hana,2020-04-29 11:11:06,INAPP_WHAT_TO_WATCH_SUGGESTIONS,NOTIFICATIONS,FR,,,Riverdale,GMAIL.COM,,,samsung_SM-A520F,0
Hana,2020-04-28 14:24:16,INAPP_WATCH_IT_AGAIN,NOTIFICATIONS,FR,,,Money Heist,GMAIL.COM,,,samsung_SM-A520F,0
Hana,2020-04-28 14:24:16,PUSH_WATCH_IT_AGAIN,PUSH,FR,fr,fr,Money Heist,GMAIL.COM,,,samsung_SM-A520F,0
Hana,2020-04-28 13:38:50,INAPP_CONTINUE_WATCHING,NOTIFICATIONS,FR,,,Supergirl,GMAIL.COM,,,samsung_SM-A520F,0
Hana,2020-04-28 13:38:50,PUSH_CONTINUE_WATCHING,PUSH,FR,fr,fr,Supergirl,GMAIL.COM,,,samsung_SM-A520F,0
Hana,2020-04-27 12:06:32,PUSH_THUMBS_SHORT_PLAY,PUSH,FR,fr,fr,Peaky Blinders,GMAIL.COM,,,samsung_SM-A520F,0
Hana,2020-04-27 11:45:15,INAPP_THUMBS_SHORT_PLAY,NOTIFICATIONS,FR,,,Peaky Blinders,GMAIL.COM,,,firefox-cadmium,0
Hana,2020-04-27 11:41:36,PUSH_TOP_10,PUSH,FR,fr,fr,Extraction,GMAIL.COM,,,samsung_SM-A520F,0
Hana,2020-04-27 11:09:11,INAPP_TOP_10,NOTIFICATIONS,FR,,,Extraction,GMAIL.COM,,,,0
Hana,2020-04-26 15:48:59,INAPP_NEW_ARRIVALS,NOTIFICATIONS,FR,,,Extraction,GMAIL.COM,,,,0
Hana,2020-04-26 15:48:59,PUSH_NEW_ARRIVALS,PUSH,FR,fr,fr,Extraction,GMAIL.COM,,,samsung_SM-A520F,0
Hana,2020-04-23 11:44:29,INAPP_ORIGINALS_PREPROMOTE,NOTIFICATIONS,FR,,,The Half Of It,GMAIL.COM,,,,0
Hana,2020-04-14 12:06:02,PUSH_WHAT_TO_WATCH_SUGGESTIONS,PUSH,FR,fr,fr,Elite,GMAIL.COM,,,samsung_SM-A520F,0
Hana,2020-04-14 11:27:08,INAPP_WHAT_TO_WATCH_SUGGESTIONS,NOTIFICATIONS,FR,,,Elite,GMAIL.COM,,,samsung_SM-A520F,0
Hana,2020-04-10 16:48:06,ADD_EMAIL_TO_PROFILE_UMA,ALERTS,FR,,,,GMAIL.COM,,,,0
Tarik,2021-11-19 11:29:23,INAPP_NEW_ARRIVALS,NOTIFICATIONS,FR,,,Hellbound,GMAIL.COM,,,,0
Tarik,2021-11-17 11:20:16,INAPP_NEW_ARRIVALS,NOTIFICATIONS,FR,,,Christmas Flow,GMAIL.COM,,,,0
Tarik,2021-11-14 14:40:38,INAPP_NEW_ARRIVALS,NOTIFICATIONS,FR,,,Red Notice,GMAIL.COM,,,,0
Tarik,2021-10-27 10:56:17,INAPP_NEW_ARRIVALS,NOTIFICATIONS,FR,,,Halloween,GMAIL.COM,,,,0
Tarik,2021-10-18 11:43:28,INAPP_NEW_ARRIVALS,NOTIFICATIONS,FR,,,The Forgotten Battle,GMAIL.COM,,,,0
Tarik,2021-10-13 11:50:08,INAPP_NEW_ARRIVALS,NOTIFICATIONS,FR,,,The Billion Dollar Code,GMAIL.COM,,,,0
Tarik,2021-10-04 11:23:09,INAPP_COMING_SOON,NOTIFICATIONS,FR,,,,GMAIL.COM,,,,0
Tarik,2021-10-01 12:41:09,INAPP_NEW_ARRIVALS,NOTIFICATIONS,FR,,,The Guilty,GMAIL.COM,,,,0
Tarik,2021-09-25 10:21:32,INAPP_NEW_ARRIVALS,NOTIFICATIONS,FR,,,Ganglands,GMAIL.COM,,,,0
Tarik,2021-09-23 11:42:31,INAPP_NEW_ARRIVALS,NOTIFICATIONS,FR,,,Squid Game,GMAIL.COM,,,,0
Tarik,2021-09-22 10:33:34,INAPP_ORIGINALS_PREPROMOTE,NOTIFICATIONS,FR,,,Ganglands,GMAIL.COM,,,firefox-cadmium,0
Tarik,2021-09-18 10:56:32,INAPP_CONTINUE_WATCHING,NOTIFICATIONS,FR,,,Formula 1: Drive to Survive,GMAIL.COM,,,,0
Tarik,2021-09-16 10:00:54,INAPP_COMING_SOON,NOTIFICATIONS,FR,,,,GMAIL.COM,,,APPLE_iPhone8-1,0
Tarik,2021-09-15 14:39:15,INAPP_NEW_ARRIVALS,NOTIFICATIONS,FR,,,Schumacher,GMAIL.COM,,,,0
Tarik,2021-09-10 16:10:09,PRICE_CHANGE_CONFIRMATION,EMAIL,FR,fr,fr,,GMAIL.COM,,,,0
Tarik,2021-09-10 02:26:41,PRICE_CHANGE_ANNOUNCEMENT_EMAIL,EMAIL,FR,fr,fr,,GMAIL.COM,,,,0
Tarik,2021-09-10 02:26:40,PRICE_CHANGE_ANNOUNCEMENT_UMA,ALERTS,FR,,,,GMAIL.COM,,2021-09-10 16:00:50,samsung_SM-A520F,1
Tarik,2021-09-08 11:17:08,INAPP_COMING_SOON,NOTIFICATIONS,FR,,,,GMAIL.COM,,,,0
Tarik,2021-09-07 11:22:12,INAPP_CONTINUE_WATCHING,NOTIFICATIONS,FR,,,Elite,GMAIL.COM,,,,0
Tarik,2021-09-05 10:29:28,INAPP_WATCH_IT_AGAIN,NOTIFICATIONS,FR,,,Formula 1: Drive to Survive,GMAIL.COM,,,,0
Tarik,2021-09-01 10:57:30,INAPP_ORIGINALS_PREPROMOTE,NOTIFICATIONS,FR,,,Money Heist,GMAIL.COM,,,windows-uwa,0
Tarik,2021-08-31 10:23:15,INAPP_COMING_SOON,NOTIFICATIONS,FR,,,Money Heist,GMAIL.COM,,,,0
Tarik,2021-08-19 11:18:34,INAPP_THUMBS_LONG_PLAY,NOTIFICATIONS,FR,,,Elite,GMAIL.COM,,,APPLE_iPhone8-1,0
Tarik,2021-08-18 10:48:11,INAPP_COMING_SOON,NOTIFICATIONS,FR,,,Mr. Robot,GMAIL.COM,,,,0
Tarik,2021-08-11 11:46:27,INAPP_COMING_SOON,NOTIFICATIONS,FR,,,Gone for Good,GMAIL.COM,,,,0
Tarik,2021-08-10 11:44:19,INAPP_NEW_ARRIVALS,NOTIFICATIONS,FR,,,Hit & Run,GMAIL.COM,,,,0
Tarik,2021-08-10 10:09:47,INAPP_THUMBS_LONG_PLAY,NOTIFICATIONS,FR,,,The Imitation Game,GMAIL.COM,,,APPLE_iPhone8-1,0
Tarik,2021-08-08 13:09:51,INAPP_NEW_ARRIVALS,NOTIFICATIONS,FR,,,Cocaine Cowboys: The Kings of Miami,GMAIL.COM,,,firefox-cadmium,0
Tarik,2021-08-03 10:01:18,INAPP_WHAT_TO_WATCH_TOP_PICKS_HIGHLANDER,NOTIFICATIONS,FR,,,Suits,GMAIL.COM,,,firefox-cadmium,0
Tarik,2021-08-02 11:10:24,INAPP_THUMBS_LONG_PLAY,NOTIFICATIONS,FR,,,Black Mirror,GMAIL.COM,,,APPLE_iPhone8-1,0
Tarik,2021-07-28 11:29:10,INAPP_COMING_SOON,NOTIFICATIONS,FR,,,Outer Banks,GMAIL.COM,,,firefox-cadmium,0
Tarik,2021-07-18 11:10:15,INAPP_COMING_SOON,NOTIFICATIONS,FR,,,New Amsterdam,GMAIL.COM,,,,0
Tarik,2021-07-18 10:09:03,INAPP_WHAT_TO_WATCH_MOVIE_NIGHT_HIGHLANDER,NOTIFICATIONS,FR,,,Babysitting 2,GMAIL.COM,,,windows-uwa,0
Tarik,2021-07-11 21:28:00,Confirmation of Add or Change MOP,EMAIL,FR,fr-FR,fr,,GMAIL.COM,,,,0
Tarik,2021-07-11 21:24:21,Confirmation of Add or Change MOP,EMAIL,FR,fr-FR,fr,,GMAIL.COM,,,,0
Tarik,2021-07-10 07:48:29,PAYMENT_FAILURE_UMA,ALERTS,FR,,,,GMAIL.COM,,2021-07-11 21:24:52,APPLE_iPhone8-1,1
Tarik,2021-07-10 07:48:29,HITCH_PAYMENT_HOLD_SERIES_M1,EMAIL,FR,fr,fr,,GMAIL.COM,https://www.netflix.com/simplemember/accountpayment?g=5766F3624B767EE1A7631B231B3159756452AA9E&lkid=URL_RETRY_PAYMENT&isPaymentAutoRetry=true&lnktrk=EMP&nftoken=BQAbAAEBEGSuL0IXHtPr57%2BXqlSvpSiAkCtqkwGfZp5%2F%2Bu%2FmNqr73XjQJ9yfflkxoeOrLhLw7aLpyoGghePE7dpbB%2FR0it%2FSK4G4vB%2F4R3fVDc95pjfy94MuDWwMjQ%2FoayD4vRPUoaap72SsaO85c1rQRxiNeROyJ%2FkGGI0qaSnQYZ%2FssRIFpeBlQZ9NT8VGj1lA44OOoCctx31aR7HQRF89Qm9DvdjYkQ%3D%3D,2021-07-10 07:49:46,,1
Tarik,2021-07-05 10:19:33,INAPP_COMING_SOON,NOTIFICATIONS,FR,,,Explained,GMAIL.COM,,,,0
Tarik,2021-06-29 11:09:36,INAPP_THUMBS_LONG_PLAY,NOTIFICATIONS,FR,,,Formula 1: Drive to Survive,GMAIL.COM,,,,0
Tarik,2021-06-22 10:14:13,NEW_DEVICE_LOGIN,EMAIL,FR,fr,fr,,GMAIL.COM,,,,0
Tarik,2021-06-18 10:52:21,INAPP_WATCH_IT_AGAIN,NOTIFICATIONS,FR,,,Formula 1: Drive to Survive,GMAIL.COM,,,,0
Tarik,2021-06-16 10:25:26,INAPP_WHAT_TO_WATCH_TOP_PICKS_HIGHLANDER,NOTIFICATIONS,FR,,,Bodyguard,GMAIL.COM,,,,0
Tarik,2021-06-13 10:51:29,INAPP_NEW_SEASON_ALERT,NOTIFICATIONS,FR,,,Lupin,GMAIL.COM,,,,0
Tarik,2021-06-11 11:18:07,NEW_DEVICE_LOGIN,EMAIL,FR,fr,fr,,GMAIL.COM,,,,0
Tarik,2021-06-10 10:15:44,INAPP_BTN_DOWNLOAD,NOTIFICATIONS,FR,,,Formula 1: Drive to Survive,GMAIL.COM,,,,0
Tarik,2021-06-09 12:57:30,INAPP_ORIGINALS_PREPROMOTE,NOTIFICATIONS,FR,,,Lupin,GMAIL.COM,,,,0
Tarik,2021-05-31 11:12:33,INAPP_NEW_ARRIVALS,NOTIFICATIONS,FR,,,Baggio: The Divine Ponytail,GMAIL.COM,,,,0
Tarik,2021-05-31 10:13:29,INAPP_WHAT_TO_WATCH_MOVIE_NIGHT_HIGHLANDER,NOTIFICATIONS,FR,,,The Founder,GMAIL.COM,,,,0
Tarik,2021-05-29 10:49:20,INAPP_CONTINUE_WATCHING,NOTIFICATIONS,FR,,,Pelé,GMAIL.COM,,,,0
Tarik,2021-05-29 10:32:23,INAPP_WHAT_TO_WATCH_TOP_PICKS_HIGHLANDER,NOTIFICATIONS,FR,,,Fauda,GMAIL.COM,,,windows-uwa,0
Tarik,2021-05-28 11:58:25,INAPP_COMING_SOON,NOTIFICATIONS,FR,,,The Least Expected Day: Inside the Movistar Team 2019,GMAIL.COM,,,firefox-cadmium,0
Tarik,2021-05-27 11:19:36,INAPP_THUMBS_SHORT_PLAY,NOTIFICATIONS,FR,,,Formula 1: Drive to Survive,GMAIL.COM,,,firefox-cadmium,0
Tarik,2021-05-15 16:37:32,INAPP_NEW_ARRIVALS,NOTIFICATIONS,FR,,,Halston,GMAIL.COM,,,,0
Tarik,2021-05-11 11:46:13,INAPP_WHAT_TO_WATCH_TOP_PICKS_HIGHLANDER,NOTIFICATIONS,FR,,,Ozark,GMAIL.COM,,,,0
Tarik,2021-05-10 11:40:32,INAPP_WHAT_TO_WATCH_MOVIE_NIGHT_HIGHLANDER,NOTIFICATIONS,FR,,,Apollo 13,GMAIL.COM,,,,0
Tarik,2021-05-09 11:45:24,INAPP_WHAT_TO_WATCH_SUGGESTIONS_HIGHLANDER,NOTIFICATIONS,FR,,,Tony Parker: The Final Shot,GMAIL.COM,,,,0
Tarik,2021-05-01 10:01:20,INAPP_COMING_SOON,NOTIFICATIONS,FR,,,Halston,GMAIL.COM,,,APPLE_iPhone8-1,0
Tarik,2021-04-28 10:51:37,INAPP_TOP_10,NOTIFICATIONS,FR,,,,GMAIL.COM,,,APPLE_iPhone8-1,0
Tarik,2021-04-24 10:58:42,INAPP_COMING_SOON,NOTIFICATIONS,FR,,,Headspace Guide to Sleep,GMAIL.COM,,,APPLE_iPhone8-1,0
Tarik,2021-04-23 11:56:04,INAPP_TOP_10,NOTIFICATIONS,FR,,,,GMAIL.COM,,,,0
Tarik,2021-04-19 11:40:49,INAPP_TOP_10,NOTIFICATIONS,FR,,,Love and Monsters,GMAIL.COM,,,,0
Tarik,2021-04-16 10:47:27,INAPP_WHAT_TO_WATCH_MOVIE_NIGHT_HIGHLANDER,NOTIFICATIONS,FR,,,Darkest Hour,GMAIL.COM,,,,0
Tarik,2021-04-15 10:59:30,INAPP_WATCH_IT_AGAIN,NOTIFICATIONS,FR,,,Formula 1: Drive to Survive,GMAIL.COM,,,,0
Tarik,2021-04-15 10:24:17,INAPP_WHAT_TO_WATCH_SUGGESTIONS,NOTIFICATIONS,FR,,,Pelé,GMAIL.COM,,,,0
Tarik,2021-04-14 11:09:27,INAPP_WHAT_TO_WATCH,NOTIFICATIONS,FR,,,The Crown,GMAIL.COM,,,,0
Tarik,2021-04-14 10:22:24,INAPP_TOP_10,NOTIFICATIONS,FR,,,The Serpent,GMAIL.COM,,,,0
Tarik,2021-04-10 11:39:21,INAPP_COMING_SOON,NOTIFICATIONS,FR,,,The Walking Dead,GMAIL.COM,,,APPLE_iPhone8-1,0
Tarik,2021-04-10 11:35:35,TERMS_OF_USE_UMA,ALERTS,FR,,,,GMAIL.COM,,2021-04-10 19:48:41,samsung_SM-A520F,1
Tarik,2021-04-06 12:05:57,INAPP_THUMBS_LONG_PLAY,NOTIFICATIONS,FR,,,Formula 1: Drive to Survive,GMAIL.COM,,,APPLE_iPhone8-1,0
Tarik,2021-04-05 12:27:39,INAPP_NEW_ARRIVALS,NOTIFICATIONS,FR,,,The Serpent,GMAIL.COM,,,,0
Tarik,2021-04-04 15:22:37,INAPP_NEW_ARRIVALS,NOTIFICATIONS,FR,,,Madame Claude,GMAIL.COM,,,,0
Tarik,2021-04-03 11:11:48,INAPP_COMING_SOON,NOTIFICATIONS,FR,,,Above the Law,GMAIL.COM,,,APPLE_iPhone8-1,0
Tarik,2021-04-03 11:11:35,INAPP_NEW_ARRIVALS,NOTIFICATIONS,FR,,,Sleepers,GMAIL.COM,,,,0
Tarik,2021-03-26 11:01:55,INAPP_CONTINUE_WATCHING,NOTIFICATIONS,FR,,,Formula 1: Drive to Survive,GMAIL.COM,,,,0
Tarik,2021-03-25 11:31:35,INAPP_COMING_SOON,NOTIFICATIONS,FR,,,Bad Trip,GMAIL.COM,,,firefox-cadmium,0
Tarik,2021-03-17 11:20:22,INAPP_ORIGINALS_PREPROMOTE,NOTIFICATIONS,FR,,,Formula 1: Drive to Survive,GMAIL.COM,,,APPLE_iPhone8-1,0
Tarik,2021-03-13 12:03:24,INAPP_BTN_DOWNLOAD,NOTIFICATIONS,FR,,,Pelé,GMAIL.COM,,,,0
Tarik,2021-03-10 11:50:33,INAPP_NEW_ARRIVALS,NOTIFICATIONS,FR,,,Last Chance U: Basketball,GMAIL.COM,,,,0
Tarik,2021-03-10 11:45:01,INAPP_NEW_ARRIVALS,NOTIFICATIONS,FR,,,Dealer,GMAIL.COM,,,,0
Tarik,2021-03-08 11:52:12,INAPP_ORIGINALS_PREPROMOTE,NOTIFICATIONS,FR,,,Dealer,GMAIL.COM,,,APPLE_iPhone8-1,0
Tarik,2021-03-08 11:07:15,INAPP_COMING_SOON,NOTIFICATIONS,FR,,,Formula 1: Drive to Survive,GMAIL.COM,,,APPLE_iPhone8-1,0
Tarik,2021-03-01 12:17:33,INAPP_COMING_SOON,NOTIFICATIONS,FR,,,Dealer,GMAIL.COM,,,APPLE_iPhone8-1,0
Tarik,2021-02-25 11:40:15,INAPP_NEW_ARRIVALS,NOTIFICATIONS,FR,,,Jack Reacher: Never Go Back,GMAIL.COM,,,,0
Tarik,2021-02-23 13:03:58,INAPP_NEW_ARRIVALS,NOTIFICATIONS,FR,,,Pelé,GMAIL.COM,,,,0
Tarik,2021-02-18 12:26:21,INAPP_THUMBS_SHORT_PLAY,NOTIFICATIONS,FR,,,Formula 1: Drive to Survive,GMAIL.COM,,,APPLE_iPhone8-1,0
Tarik,2021-02-14 11:15:34,INAPP_WHAT_TO_WATCH,NOTIFICATIONS,FR,,,The Blacklist,GMAIL.COM,,,,0
Tarik,2021-02-13 12:08:53,INAPP_NEW_ARRIVALS,NOTIFICATIONS,FR,,,Crime Scene: The Vanishing at the Cecil Hotel,GMAIL.COM,,,,0
Tarik,2021-02-11 14:31:25,INAPP_NEW_ARRIVALS,NOTIFICATIONS,FR,,,The Misadventures of Hedi and Cokeman,GMAIL.COM,,,,0
Tarik,2021-02-10 12:37:37,INAPP_CONTINUE_WATCHING,NOTIFICATIONS,FR,,,House of Cards,GMAIL.COM,,,,0
Tarik,2021-02-10 12:32:10,INAPP_WATCH_IT_AGAIN,NOTIFICATIONS,FR,,,The Intern,GMAIL.COM,,,,0
Tarik,2021-02-05 12:41:48,INAPP_THUMBS_SHORT_PLAY,NOTIFICATIONS,FR,,,24,GMAIL.COM,,,firefox-cadmium,0
Tarik,2021-02-04 11:37:13,INAPP_NEW_ARRIVALS,NOTIFICATIONS,FR,,,Below Zero,GMAIL.COM,,,,0
Tarik,2021-01-30 11:55:26,INAPP_THUMBS_SHORT_PLAY,NOTIFICATIONS,FR,,,House of Cards,GMAIL.COM,,,firefox-cadmium,0
Tarik,2021-01-25 13:20:06,INAPP_THUMBS_SHORT_PLAY,NOTIFICATIONS,FR,,,Lupin,GMAIL.COM,,,windows-uwa,0
Tarik,2021-01-23 12:59:27,INAPP_AFTERGLOW,NOTIFICATIONS,FR,,,Lupin,GMAIL.COM,,,windows-uwa,0
Tarik,2021-01-19 11:21:29,INAPP_WATCH_IT_AGAIN,NOTIFICATIONS,FR,,,Formula 1: Drive to Survive,GMAIL.COM,,,windows-uwa,0
Tarik,2021-01-08 17:37:02,INAPP_NEW_ARRIVALS,NOTIFICATIONS,FR,,,Lupin,GMAIL.COM,,,,0
Tarik,2021-01-08 17:37:02,EMAIL_NEW_ARRIVALS,EMAIL,FR,fr,fr,Lupin,GMAIL.COM,https://www.netflix.com/ManageSubscriptions?g=1D745D9696983CA38DF683DECBDCBFA764524A6F&lkid=URL_UNSUB&mid=20792311&lnktrk=EMP&id=BQE0AAEBEDvYB%2FofvDWCwePpm1wb4GCAkJq%2B3VU%2FKiBt%2Fv0y%2FQziIw6HQTTglNEfc%2Fa%2FjzbyQN3in%2FAJEjcTUO8pOrhcn7tSL%2Bj0AYHFSp33S9V0UH%2FX4TQfivtAKZAszBHcA49iTU6e9Au4iBbLxAJZl9HpATVC2z2xoWJaupx0QnecKAPUSzq1hTvBMM0DM%2FsirH8KEALtdOQu8lVwfBdtzuajxWwSAQ%3D%3D,2021-01-08 19:36:27,,1
Tarik,2021-01-06 14:16:40,INAPP_NEW_ARRIVALS,NOTIFICATIONS,FR,,,24,GMAIL.COM,,,,0
Tarik,2021-01-06 14:16:40,EMAIL_NEW_ARRIVALS,EMAIL,FR,fr,fr,24,GMAIL.COM,,,,0
Tarik,2021-01-06 13:12:44,INAPP_NEW_ARRIVALS,NOTIFICATIONS,FR,,,Tony Parker: The Final Shot,GMAIL.COM,,,,0
Tarik,2021-01-06 13:12:44,EMAIL_NEW_ARRIVALS,EMAIL,FR,fr,fr,Tony Parker: The Final Shot,GMAIL.COM,,,,0
Tarik,2020-12-31 11:43:20,INAPP_THUMBS_SHORT_PLAY,NOTIFICATIONS,FR,,,The Hangover: Part III,GMAIL.COM,,,firefox-cadmium,0
Tarik,2020-12-31 11:21:25,EMAIL_THUMBS_SHORT_PLAY,EMAIL,FR,fr,fr,The Hangover: Part III,GMAIL.COM,,,,0
Tarik,2020-12-30 12:46:16,INAPP_TOP_10,NOTIFICATIONS,FR,,,Bridgerton,GMAIL.COM,,,,0
Tarik,2020-12-30 12:12:46,EMAIL_TOP_10,EMAIL,FR,fr,fr,Bridgerton,GMAIL.COM,,,,0
Tarik,2020-12-29 11:44:17,EMAIL_THUMBS_LONG_PLAY,EMAIL,FR,fr,fr,The Hangover,GMAIL.COM,,,,0
Tarik,2020-12-29 11:44:17,INAPP_THUMBS_LONG_PLAY,NOTIFICATIONS,FR,,,The Hangover,GMAIL.COM,,,firefox-cadmium,0
Tarik,2020-12-23 16:27:44,INAPP_NEW_ARRIVALS,NOTIFICATIONS,FR,,,The Midnight Sky,GMAIL.COM,,,,0
Tarik,2020-12-23 16:27:39,EMAIL_NEW_ARRIVALS,EMAIL,FR,fr,fr,The Midnight Sky,GMAIL.COM,,,,0
Tarik,2020-12-22 11:34:29,INAPP_ORIGINALS_PREPROMOTE,NOTIFICATIONS,FR,,,The Midnight Sky,GMAIL.COM,,,firefox-cadmium,0
Tarik,2020-12-21 22:29:36,EMAIL_ORIGINALS_PREPROMOTE,EMAIL,FR,fr,fr,The Midnight Sky,GMAIL.COM,,,,0
Tarik,2020-12-19 11:48:54,INAPP_THUMBS_SHORT_PLAY,NOTIFICATIONS,FR,,,Room 2806: The Accusation,GMAIL.COM,,,firefox-cadmium,0
Tarik,2020-12-19 11:48:54,EMAIL_THUMBS_SHORT_PLAY,EMAIL,FR,fr,fr,Room 2806: The Accusation,GMAIL.COM,,,,0
Tarik,2020-12-09 11:44:26,INAPP_THUMBS_SHORT_PLAY,NOTIFICATIONS,FR,,,The Queen's Gambit,GMAIL.COM,,,firefox-cadmium,0
Tarik,2020-12-09 11:44:26,EMAIL_THUMBS_SHORT_PLAY,EMAIL,FR,fr,fr,The Queen's Gambit,GMAIL.COM,,,,0
Tarik,2020-12-07 15:41:37,INAPP_NEW_ARRIVALS,NOTIFICATIONS,FR,,,Room 2806: The Accusation,GMAIL.COM,,,,0
Tarik,2020-12-07 15:40:38,EMAIL_NEW_ARRIVALS,EMAIL,FR,fr,fr,Room 2806: The Accusation,GMAIL.COM,,,,0
Tarik,2020-12-06 11:55:22,INAPP_ORIGINALS_PREPROMOTE,NOTIFICATIONS,FR,,,Room 2806: The Accusation,GMAIL.COM,,,firefox-cadmium,0
Tarik,2020-12-05 22:00:49,EMAIL_ORIGINALS_PREPROMOTE,EMAIL,FR,fr,fr,Room 2806: The Accusation,GMAIL.COM,,,,0
Tarik,2020-12-02 12:44:40,INAPP_THUMBS_LONG_PLAY,NOTIFICATIONS,FR,,,Maradona in Mexico,GMAIL.COM,,,firefox-cadmium,0
Tarik,2020-12-02 12:09:33,EMAIL_THUMBS_LONG_PLAY,EMAIL,FR,fr,fr,Maradona in Mexico,GMAIL.COM,,,,0
Tarik,2020-12-02 11:39:25,INAPP_AFTERGLOW,NOTIFICATIONS,FR,,,Maradona in Mexico,GMAIL.COM,,,firefox-cadmium,0
Tarik,2020-12-02 11:39:25,EMAIL_AFTERGLOW,EMAIL,FR,fr,fr,Maradona in Mexico,GMAIL.COM,,,,0
Tarik,2020-12-02 08:02:31,BILLING_ENTITY_CHANGE_PROJECT_PEANUT_BUTTER,EMAIL,FR,fr,fr,,GMAIL.COM,,,,0
Tarik,2020-11-24 12:01:54,INAPP_THUMBS_LONG_PLAY,NOTIFICATIONS,FR,,,Sully,GMAIL.COM,,,APPLE_iPhone8-1,0
Tarik,2020-11-24 11:47:50,EMAIL_THUMBS_LONG_PLAY,EMAIL,FR,fr,fr,Sully,GMAIL.COM,https://www.netflix.com/like/80103102?msg_token=EQIAmQABAYEAj7CvkMzT6KANEv8S9ObGa9T1pKiW%2BNu%2BrgLYPbVHMVxuS66pogS6N5k8d1v2Yh8SQyUj%2BohOz5vxRuImt5pKhT8GspsS3vymopbXrfv0vIkCkAw6b3LtIeBWMufoO4DGn8veqrzpO6Mc6W9pZkXIJvSmqWv4STm4zbT1OEgb8O54FDyWgb5xFjCX2WQlrDKpKANtJ4s2ABZbSV26Z0p%2BUW0QphJJ5fAMS8YcEdM5MmpuI6uMRt5e6d5ardLboB42ilCTN8OR0VZVNBh7aTw%2BtR4saAzQ3EXpfW2879jUqpP2Jgo5YORGWgOVSPxfVUtWsmST8sbEpl8%2Fr4a0wVa%2F2OWds4w%3D&trkid=13710079&MSG_TITLE=80103102&lnktrk=EMP&g=F70EE6D955202D0DCC1FF06498246FDD6452297F&lkid=PRIMARY_LIKE,2020-11-24 12:30:08,,1
Tarik,2020-11-18 11:36:30,INAPP_KIDS_PROFILE_AWARENESS_CATCH_UP,NOTIFICATIONS,FR,,,,GMAIL.COM,,,firefox-cadmium,0
Tarik,2020-11-18 08:35:55,EMAIL_KIDS_PROFILE_AWARENESS_CATCH_UP,EMAIL,FR,fr,fr,,GMAIL.COM,,,,0
Tarik,2020-10-22 11:49:48,NEW_DEVICE_LOGIN,EMAIL,FR,fr,fr,,GMAIL.COM,,,,0
Tarik,2020-10-17 10:36:39,INAPP_NEW_ARRIVALS,NOTIFICATIONS,FR,,,La Révolution,GMAIL.COM,,,,0
Tarik,2020-10-16 20:04:10,EMAIL_NEW_ARRIVALS,EMAIL,FR,fr,fr,La Révolution,GMAIL.COM,,,,0
Tarik,2020-10-16 14:19:29,INAPP_NEW_ARRIVALS,NOTIFICATIONS,FR,,,BLACKPINK: Light Up the Sky,GMAIL.COM,,,,0
Tarik,2020-10-16 14:19:29,EMAIL_NEW_ARRIVALS,EMAIL,FR,fr,fr,BLACKPINK: Light Up the Sky,GMAIL.COM,,,,0
Tarik,2020-10-13 11:20:04,INAPP_ORIGINALS_PREPROMOTE,NOTIFICATIONS,FR,,,BLACKPINK: Light Up the Sky,GMAIL.COM,,,APPLE_iPhone8-1,0
Tarik,2020-10-12 22:18:39,EMAIL_ORIGINALS_PREPROMOTE,EMAIL,FR,fr,fr,BLACKPINK: Light Up the Sky,GMAIL.COM,,,,0
Tarik,2020-10-11 13:29:18,INAPP_NEW_ARRIVALS,NOTIFICATIONS,FR,,,Conor McGregor: Notorious,GMAIL.COM,,,,0
Tarik,2020-10-11 13:29:18,EMAIL_NEW_ARRIVALS,EMAIL,FR,fr,fr,Conor McGregor: Notorious,GMAIL.COM,,,,0
Tarik,2020-10-10 11:33:36,INAPP_TOP_10,NOTIFICATIONS,FR,,,Emily in Paris,GMAIL.COM,,,,0
Tarik,2020-10-10 11:33:31,EMAIL_TOP_10,EMAIL,FR,fr,fr,Emily in Paris,GMAIL.COM,,,,0
Tarik,2020-10-10 11:09:27,INAPP_WHAT_TO_WATCH_ROW_THEMES_HIGHLANDER,NOTIFICATIONS,FR,,,Bigflo & Oli: Hip Hop Frenzy,GMAIL.COM,,,APPLE_iPhone8-1,0
Tarik,2020-10-10 11:08:32,EMAIL_WHAT_TO_WATCH_ROW_THEMES,EMAIL,FR,fr,fr,Bigflo & Oli: Hip Hop Frenzy,GMAIL.COM,,,,0
Tarik,2020-10-10 08:40:09,EMAIL_WATCH_IT_AGAIN,EMAIL,FR,fr,fr,House of Cards,GMAIL.COM,,,,0
Tarik,2020-10-08 11:14:32,INAPP_NEW_ARRIVALS,NOTIFICATIONS,FR,,,Bigflo & Oli: Hip Hop Frenzy,GMAIL.COM,,,,0
Tarik,2020-10-08 11:14:32,EMAIL_NEW_ARRIVALS,EMAIL,FR,fr,fr,Bigflo & Oli: Hip Hop Frenzy,GMAIL.COM,,,,0
Tarik,2020-10-07 11:38:30,INAPP_ORIGINALS_PREPROMOTE,NOTIFICATIONS,FR,,,Bigflo & Oli: Hip Hop Frenzy,GMAIL.COM,,,firefox-cadmium,0
Tarik,2020-10-06 19:25:40,EMAIL_ORIGINALS_PREPROMOTE,EMAIL,FR,fr,fr,Bigflo & Oli: Hip Hop Frenzy,GMAIL.COM,,,,0
Tarik,2020-09-28 13:07:30,INAPP_WHAT_TO_WATCH_ROW_THEMES_HIGHLANDER,NOTIFICATIONS,FR,,,The Keepers,GMAIL.COM,,,,0
Tarik,2020-09-28 13:07:30,EMAIL_WHAT_TO_WATCH_ROW_THEMES,EMAIL,FR,fr,fr,The Keepers,GMAIL.COM,,,,0
Tarik,2020-09-28 13:03:39,INAPP_NEW_ARRIVALS,NOTIFICATIONS,FR,,,The Playbook,GMAIL.COM,,,,0
Tarik,2020-09-28 13:03:39,EMAIL_NEW_ARRIVALS,EMAIL,FR,fr,fr,The Playbook,GMAIL.COM,,,,0
Tarik,2020-09-24 13:35:14,INAPP_WHAT_TO_WATCH_ROW_THEMES_HIGHLANDER,NOTIFICATIONS,FR,,,The Crown,GMAIL.COM,,,,0
Tarik,2020-09-24 13:35:14,EMAIL_WHAT_TO_WATCH_ROW_THEMES,EMAIL,FR,fr,fr,The Crown,GMAIL.COM,,,,0
Tarik,2020-09-24 11:49:23,INAPP_NEW_ARRIVALS,NOTIFICATIONS,FR,,,Enola Holmes,GMAIL.COM,,,,0
Tarik,2020-09-23 22:09:25,EMAIL_NEW_ARRIVALS,EMAIL,FR,fr,fr,Enola Holmes,GMAIL.COM,,,,0
Tarik,2020-09-22 11:46:18,INAPP_ORIGINALS_PREPROMOTE,NOTIFICATIONS,FR,,,Enola Holmes,GMAIL.COM,,,firefox-cadmium,0
Tarik,2020-09-22 03:45:36,EMAIL_ORIGINALS_PREPROMOTE,EMAIL,FR,fr,fr,Enola Holmes,GMAIL.COM,,,,0
Tarik,2020-09-18 16:50:09,INAPP_NEW_ARRIVALS,NOTIFICATIONS,FR,,,GIMS: On the Record,GMAIL.COM,,,,0
Tarik,2020-09-18 16:50:09,EMAIL_NEW_ARRIVALS,EMAIL,FR,fr,fr,GIMS: On the Record,GMAIL.COM,,,,0
Tarik,2020-09-18 15:56:05,INAPP_NEW_ARRIVALS,NOTIFICATIONS,FR,,,Ratched,GMAIL.COM,,,,0
Tarik,2020-09-18 15:55:43,EMAIL_NEW_ARRIVALS,EMAIL,FR,fr,fr,Ratched,GMAIL.COM,,,,0
Tarik,2020-09-16 10:24:29,INAPP_ORIGINALS_PREPROMOTE,NOTIFICATIONS,FR,,,GIMS: On the Record,GMAIL.COM,,,APPLE_iPhone8-1,0
Tarik,2020-09-15 20:30:38,EMAIL_ORIGINALS_PREPROMOTE,EMAIL,FR,fr,fr,GIMS: On the Record,GMAIL.COM,,,,0
Tarik,2020-09-14 11:34:22,INAPP_NEW_ARRIVALS,NOTIFICATIONS,FR,,,La Línea: Shadow of Narco,GMAIL.COM,,,,0
Tarik,2020-09-14 11:34:22,EMAIL_NEW_ARRIVALS,EMAIL,FR,fr,fr,La Línea: Shadow of Narco,GMAIL.COM,,,,0
Tarik,2020-09-11 15:55:10,INAPP_WHAT_TO_WATCH_ROW_THEMES_HIGHLANDER,NOTIFICATIONS,FR,,,House of Cards,GMAIL.COM,,,,0
Tarik,2020-09-11 10:40:20,INAPP_TOP_10,NOTIFICATIONS,FR,,,Away,GMAIL.COM,,,,0
Tarik,2020-09-11 10:07:12,INAPP_WATCH_IT_AGAIN,NOTIFICATIONS,FR,,,House of Cards,GMAIL.COM,,,,0
Tarik,2020-09-11 09:41:28,EMAIL_WATCH_IT_AGAIN,EMAIL,FR,fr,fr,House of Cards,GMAIL.COM,,,,0
Tarik,2020-09-11 09:30:39,EMAIL_TOP_10,EMAIL,FR,fr,fr,Away,GMAIL.COM,,,,0
Tarik,2020-08-31 12:55:26,INAPP_TOP_10,NOTIFICATIONS,FR,,,Lucifer,GMAIL.COM,,,,0
Tarik,2020-08-31 11:54:00,EMAIL_TOP_10,EMAIL,FR,fr,fr,Lucifer,GMAIL.COM,,,,0
Tarik,2020-08-31 10:37:16,EMAIL_WHAT_TO_WATCH_ROW_THEMES,EMAIL,FR,fr,fr,Ozark,GMAIL.COM,,,,0
Tarik,2020-08-30 11:42:40,EMAIL_WATCH_IT_AGAIN,EMAIL,FR,fr,fr,The Last Dance,GMAIL.COM,,,,0
Tarik,2020-08-30 11:05:17,INAPP_WHAT_TO_WATCH_ROW_THEMES_HIGHLANDER,NOTIFICATIONS,FR,,,How to Sell Drugs Online (Fast),GMAIL.COM,,,,0
Tarik,2020-08-30 10:41:53,EMAIL_WHAT_TO_WATCH_ROW_THEMES,EMAIL,FR,fr,fr,How to Sell Drugs Online (Fast),GMAIL.COM,,,,0
Tarik,2020-08-30 10:14:49,INAPP_CONTINUE_WATCHING,NOTIFICATIONS,FR,,,Narcos,GMAIL.COM,,,,0
Tarik,2020-08-30 08:44:55,EMAIL_CONTINUE_WATCHING,EMAIL,FR,fr,fr,Narcos,GMAIL.COM,,,,0
Tarik,2020-08-26 15:54:42,EMAIL_WHAT_TO_WATCH_ROW_THEMES,EMAIL,FR,fr,fr,Five Came Back,GMAIL.COM,,,,0
Tarik,2020-08-25 14:04:46,EMAIL_WHAT_TO_WATCH_ROW_THEMES,EMAIL,FR,fr,fr,The Crown,GMAIL.COM,,,,0
Tarik,2020-08-25 14:04:46,INAPP_WHAT_TO_WATCH_ROW_THEMES_HIGHLANDER,NOTIFICATIONS,FR,,,The Crown,GMAIL.COM,,,,0
Tarik,2020-08-24 13:54:06,INAPP_WHAT_TO_WATCH_ROW_THEMES_HIGHLANDER,NOTIFICATIONS,FR,,,Five Came Back,GMAIL.COM,,,,0
Tarik,2020-08-24 13:54:06,EMAIL_WHAT_TO_WATCH_ROW_THEMES,EMAIL,FR,fr,fr,Five Came Back,GMAIL.COM,,,,0
Tarik,2020-08-23 15:48:50,EMAIL_WHAT_TO_WATCH_ROW_THEMES,EMAIL,FR,fr,fr,Ozark,GMAIL.COM,,,,0
Tarik,2020-08-23 15:48:49,INAPP_WHAT_TO_WATCH_ROW_THEMES_HIGHLANDER,NOTIFICATIONS,FR,,,Ozark,GMAIL.COM,,,windows-uwa,0
Tarik,2020-08-22 15:21:08,INAPP_WHAT_TO_WATCH_ROW_THEMES_HIGHLANDER,NOTIFICATIONS,FR,,,Mr. Sunshine,GMAIL.COM,,,windows-uwa,0
Tarik,2020-08-22 15:21:07,EMAIL_WHAT_TO_WATCH_ROW_THEMES,EMAIL,FR,fr,fr,Mr. Sunshine,GMAIL.COM,,,,0
Tarik,2020-08-21 11:58:07,INAPP_WHAT_TO_WATCH_ROW_THEMES_HIGHLANDER,NOTIFICATIONS,FR,,,Tiger King,GMAIL.COM,,,windows-uwa,0
Tarik,2020-08-21 09:39:51,EMAIL_WHAT_TO_WATCH_ROW_THEMES,EMAIL,FR,fr,fr,Tiger King,GMAIL.COM,,,,0
Tarik,2020-08-20 11:34:28,INAPP_NEW_ARRIVALS,NOTIFICATIONS,FR,,,High Score,GMAIL.COM,,,,0
Tarik,2020-08-20 11:34:28,EMAIL_NEW_ARRIVALS,EMAIL,FR,fr,fr,High Score,GMAIL.COM,,,,0
Tarik,2020-08-19 14:35:55,EMAIL_WHAT_TO_WATCH_ROW_THEMES,EMAIL,FR,fr,fr,Fear City: New York vs The Mafia,GMAIL.COM,,,,0
Tarik,2020-08-19 14:35:53,INAPP_WHAT_TO_WATCH_ROW_THEMES_HIGHLANDER,NOTIFICATIONS,FR,,,Fear City: New York vs The Mafia,GMAIL.COM,,,windows-uwa,0
Tarik,2020-08-18 11:26:47,INAPP_WHAT_TO_WATCH_ROW_THEMES_HIGHLANDER,NOTIFICATIONS,FR,,,Designated Survivor,GMAIL.COM,,,windows-uwa,0
Tarik,2020-08-18 10:23:48,EMAIL_WHAT_TO_WATCH_ROW_THEMES,EMAIL,FR,fr,fr,Designated Survivor,GMAIL.COM,,,,0
Tarik,2020-08-17 15:34:47,EMAIL_WHAT_TO_WATCH_ROW_THEMES,EMAIL,FR,fr,fr,Dark,GMAIL.COM,,,,0
Tarik,2020-08-17 15:34:46,INAPP_WHAT_TO_WATCH_ROW_THEMES_HIGHLANDER,NOTIFICATIONS,FR,,,Dark,GMAIL.COM,,,firefox-cadmium,0
Tarik,2020-08-17 10:13:16,INAPP_NEW_ARRIVALS,NOTIFICATIONS,FR,,,Project Power,GMAIL.COM,,,,0
Tarik,2020-08-16 17:22:17,EMAIL_NEW_ARRIVALS,EMAIL,FR,fr,fr,Project Power,GMAIL.COM,,,,0
Tarik,2020-08-15 11:59:22,INAPP_WHAT_TO_WATCH_ROW_THEMES_HIGHLANDER,NOTIFICATIONS,FR,,,Better Call Saul,GMAIL.COM,,,firefox-cadmium,0
Tarik,2020-08-15 11:59:21,EMAIL_WHAT_TO_WATCH_ROW_THEMES,EMAIL,FR,fr,fr,Better Call Saul,GMAIL.COM,,,,0
Tarik,2020-08-14 10:36:04,INAPP_WATCH_IT_AGAIN,NOTIFICATIONS,FR,,,The Last Dance,GMAIL.COM,,,firefox-cadmium,0
Tarik,2020-08-14 10:12:39,EMAIL_WATCH_IT_AGAIN,EMAIL,FR,fr,fr,The Last Dance,GMAIL.COM,,,,0
Tarik,2020-08-13 10:26:25,EMAIL_TOP_10,EMAIL,FR,fr,fr,The Umbrella Academy,GMAIL.COM,,,,0
Tarik,2020-08-13 10:26:24,INAPP_TOP_10,NOTIFICATIONS,FR,,,The Umbrella Academy,GMAIL.COM,,,firefox-cadmium,0
Tarik,2020-08-11 11:52:10,INAPP_NEW_ARRIVALS,NOTIFICATIONS,FR,,,World's Most Wanted,GMAIL.COM,,,,0
Tarik,2020-08-11 10:24:09,EMAIL_NEW_ARRIVALS,EMAIL,FR,fr,fr,World's Most Wanted,GMAIL.COM,,,,0
Tarik,2020-08-10 10:19:04,INAPP_WHAT_TO_WATCH_ROW_THEMES_HIGHLANDER,NOTIFICATIONS,FR,,,Top Boy,GMAIL.COM,,,firefox-cadmium,0
Tarik,2020-08-10 10:13:06,EMAIL_WHAT_TO_WATCH_ROW_THEMES,EMAIL,FR,fr,fr,Top Boy,GMAIL.COM,,,,0
Tarik,2020-08-09 11:38:28,INAPP_WHAT_TO_WATCH_ROW_THEMES_HIGHLANDER,NOTIFICATIONS,FR,,,Narcos,GMAIL.COM,,,firefox-cadmium,0
Tarik,2020-08-09 11:38:28,EMAIL_WHAT_TO_WATCH_ROW_THEMES,EMAIL,FR,fr,fr,Narcos,GMAIL.COM,,,,0
Tarik,2020-08-05 12:26:44,INAPP_NEW_ARRIVALS,NOTIFICATIONS,FR,,,Anelka: Misunderstood,GMAIL.COM,,,APPLE_iPhone8-1,0
Tarik,2020-08-05 12:26:44,EMAIL_NEW_ARRIVALS,EMAIL,FR,fr,fr,Anelka: Misunderstood,GMAIL.COM,,,,0
Tarik,2020-08-04 12:16:13,INAPP_NEW_ARRIVALS,NOTIFICATIONS,FR,,,Five,GMAIL.COM,,,APPLE_iPhone8-1,0
Tarik,2020-08-04 12:16:13,EMAIL_NEW_ARRIVALS,EMAIL,FR,fr,fr,Five,GMAIL.COM,,,,0
Tarik,2020-08-04 11:23:13,INAPP_ORIGINALS_PREPROMOTE,NOTIFICATIONS,FR,,,Anelka: Misunderstood,GMAIL.COM,,,APPLE_iPhone8-1,0
Tarik,2020-08-03 18:35:25,EMAIL_ORIGINALS_PREPROMOTE,EMAIL,FR,fr,fr,Anelka: Misunderstood,GMAIL.COM,,,,0
Tarik,2020-08-03 11:32:18,INAPP_WHAT_TO_WATCH_ROW_THEMES_HIGHLANDER,NOTIFICATIONS,FR,,,Peaky Blinders,GMAIL.COM,,,windows-uwa,0
Tarik,2020-08-03 09:42:19,EMAIL_WHAT_TO_WATCH_ROW_THEMES,EMAIL,FR,fr,fr,Peaky Blinders,GMAIL.COM,,,,0
Tarik,2020-07-28 10:10:33,INAPP_WHAT_TO_WATCH_ROW_THEMES_HIGHLANDER,NOTIFICATIONS,FR,,,Last Chance U,GMAIL.COM,,,firefox-cadmium,0
Tarik,2020-07-27 21:39:33,EMAIL_WHAT_TO_WATCH_ROW_THEMES,EMAIL,FR,fr,fr,Last Chance U,GMAIL.COM,,,,0
Tarik,2020-07-27 11:16:18,INAPP_NEW_ARRIVALS,NOTIFICATIONS,FR,,,Fear City: New York vs The Mafia,GMAIL.COM,,,,0
Tarik,2020-07-27 10:24:29,EMAIL_NEW_ARRIVALS,EMAIL,FR,fr,fr,Fear City: New York vs The Mafia,GMAIL.COM,,,,0
Tarik,2020-07-25 11:46:30,INAPP_CONTINUE_WATCHING,NOTIFICATIONS,FR,,,The Last Dance,GMAIL.COM,,,,0
Tarik,2020-07-25 11:29:10,INAPP_TOP_10,NOTIFICATIONS,FR,,,Cursed,GMAIL.COM,,,windows-uwa,0
Tarik,2020-07-25 11:26:15,EMAIL_WATCH_IT_AGAIN,EMAIL,FR,fr,fr,Breaking Bad,GMAIL.COM,,,,0
Tarik,2020-07-25 10:49:36,EMAIL_CONTINUE_WATCHING,EMAIL,FR,fr,fr,The Last Dance,GMAIL.COM,,,,0
Tarik,2020-07-25 09:09:12,EMAIL_TOP_10,EMAIL,FR,fr,fr,Cursed,GMAIL.COM,,,,0
Tarik,2020-07-24 14:26:35,INAPP_NEW_ARRIVALS,NOTIFICATIONS,FR,,,The Kissing Booth 2,GMAIL.COM,,,,0
Tarik,2020-07-24 14:26:35,EMAIL_NEW_ARRIVALS,EMAIL,FR,fr,fr,The Kissing Booth 2,GMAIL.COM,,,,0
Tarik,2020-07-21 14:15:43,INAPP_NEW_ARRIVALS,NOTIFICATIONS,FR,,,Dunkirk,GMAIL.COM,,,,0
Tarik,2020-07-21 14:12:54,EMAIL_NEW_ARRIVALS,EMAIL,FR,fr,fr,Dunkirk,GMAIL.COM,,,,0
Tarik,2020-07-10 13:54:42,INAPP_NEW_ARRIVALS,NOTIFICATIONS,FR,,,The Old Guard,GMAIL.COM,,,firefox-cadmium,0
Tarik,2020-07-10 13:54:41,EMAIL_NEW_ARRIVALS,EMAIL,FR,fr,fr,The Old Guard,GMAIL.COM,,,,0
Tarik,2020-07-06 10:29:11,INAPP_NEW_ARRIVALS,NOTIFICATIONS,FR,,,H,GMAIL.COM,,,firefox-cadmium,0
Tarik,2020-07-06 00:39:45,EMAIL_NEW_ARRIVALS,EMAIL,FR,fr,fr,H,GMAIL.COM,,,,0
Tarik,2020-07-05 13:05:55,EMAIL_WHAT_TO_WATCH_MOVIE_NIGHT,EMAIL,FR,fr,fr,Scarface,GMAIL.COM,,,,0
Tarik,2020-07-05 13:05:54,INAPP_WHAT_TO_WATCH_MOVIE_NIGHT,NOTIFICATIONS,FR,,,Scarface,GMAIL.COM,,,firefox-cadmium,0
Tarik,2020-07-01 15:10:49,INAPP_NEW_ARRIVALS,NOTIFICATIONS,FR,,,La Colle,GMAIL.COM,,,firefox-cadmium,0
Tarik,2020-07-01 15:07:14,EMAIL_NEW_ARRIVALS,EMAIL,FR,fr,fr,La Colle,GMAIL.COM,,,,0
Tarik,2020-07-01 11:14:07,INAPP_WHAT_TO_WATCH,NOTIFICATIONS,FR,,,Better Call Saul,GMAIL.COM,,,firefox-cadmium,0
Tarik,2020-06-30 19:21:51,EMAIL_WHAT_TO_WATCH_TOP_PICKS,EMAIL,FR,fr,fr,Better Call Saul,GMAIL.COM,,,,0
Tarik,2020-06-28 11:54:41,EMAIL_WATCH_IT_AGAIN,EMAIL,FR,fr,fr,Breaking Bad,GMAIL.COM,,,,0
Tarik,2020-06-28 11:43:06,INAPP_CONTINUE_WATCHING,NOTIFICATIONS,FR,,,Formula 1: Drive to Survive,GMAIL.COM,,,firefox-cadmium,0
Tarik,2020-06-28 10:35:44,EMAIL_CONTINUE_WATCHING,EMAIL,FR,fr,fr,Formula 1: Drive to Survive,GMAIL.COM,,,,0
Tarik,2020-06-24 13:43:12,INAPP_WHAT_TO_WATCH,NOTIFICATIONS,FR,,,Rick and Morty,GMAIL.COM,,,firefox-cadmium,0
Tarik,2020-06-24 13:43:12,EMAIL_WHAT_TO_WATCH_TOP_PICKS,EMAIL,FR,fr,fr,Rick and Morty,GMAIL.COM,,,,0
Tarik,2020-06-23 15:47:19,INAPP_WHAT_TO_WATCH_MOVIE_NIGHT,NOTIFICATIONS,FR,,,Assassin's Creed,GMAIL.COM,,,firefox-cadmium,0
Tarik,2020-06-23 15:47:19,EMAIL_WHAT_TO_WATCH_MOVIE_NIGHT,EMAIL,FR,fr,fr,Assassin's Creed,GMAIL.COM,,,,0
Tarik,2020-06-22 11:38:09,INAPP_WHAT_TO_WATCH_SUGGESTIONS,NOTIFICATIONS,FR,,,Designated Survivor,GMAIL.COM,,,firefox-cadmium,0
Tarik,2020-06-22 10:15:41,EMAIL_WHAT_TO_WATCH_SUGGESTIONS,EMAIL,FR,fr,fr,Designated Survivor,GMAIL.COM,,,,0
Tarik,2020-06-21 11:24:57,INAPP_WHAT_TO_WATCH,NOTIFICATIONS,FR,,,Queen of the South,GMAIL.COM,,,firefox-cadmium,0
Tarik,2020-06-21 11:24:57,EMAIL_WHAT_TO_WATCH_TOP_PICKS,EMAIL,FR,fr,fr,Queen of the South,GMAIL.COM,,,,0
Tarik,2020-06-20 15:29:50,EMAIL_WHAT_TO_WATCH_MOVIE_NIGHT,EMAIL,FR,fr,fr,El Camino: A Breaking Bad Movie,GMAIL.COM,,,,0
Tarik,2020-06-20 15:29:45,INAPP_WHAT_TO_WATCH_MOVIE_NIGHT,NOTIFICATIONS,FR,,,El Camino: A Breaking Bad Movie,GMAIL.COM,,,firefox-cadmium,0
Tarik,2020-06-19 15:07:42,INAPP_NEW_ARRIVALS,NOTIFICATIONS,FR,,,Lost Bullet,GMAIL.COM,,,firefox-cadmium,0
Tarik,2020-06-19 15:04:07,EMAIL_NEW_ARRIVALS,EMAIL,FR,fr,fr,Lost Bullet,GMAIL.COM,,,,0
Tarik,2020-06-18 10:41:07,INAPP_ORIGINALS_PREPROMOTE,NOTIFICATIONS,FR,,,Lost Bullet,GMAIL.COM,,,,0
Tarik,2020-06-17 18:18:22,EMAIL_ORIGINALS_PREPROMOTE,EMAIL,FR,fr,fr,Lost Bullet,GMAIL.COM,,,,0
Tarik,2020-06-09 11:21:24,INAPP_CONTINUE_WATCHING,NOTIFICATIONS,FR,,,House of Cards,GMAIL.COM,,,,0
Tarik,2020-06-09 10:09:13,INAPP_WATCH_IT_AGAIN,NOTIFICATIONS,FR,,,Breaking Bad,GMAIL.COM,,,,0
Tarik,2020-06-09 09:03:03,EMAIL_WATCH_IT_AGAIN,EMAIL,FR,fr,fr,Breaking Bad,GMAIL.COM,,,,0
Tarik,2020-06-09 08:07:33,EMAIL_CONTINUE_WATCHING,EMAIL,FR,fr,fr,House of Cards,GMAIL.COM,,,,0
Tarik,2020-05-19 11:08:09,INAPP_WATCH_IT_AGAIN,NOTIFICATIONS,FR,,,November 13: Attack on Paris,GMAIL.COM,,,windows-uwa,0
Tarik,2020-05-19 11:04:39,EMAIL_CONTINUE_WATCHING,EMAIL,FR,fr,fr,Breaking Bad,GMAIL.COM,,,,0
Tarik,2020-05-19 09:02:21,EMAIL_WATCH_IT_AGAIN,EMAIL,FR,fr,fr,November 13: Attack on Paris,GMAIL.COM,,,,0
Tarik,2020-05-15 15:15:55,INAPP_NEW_ARRIVALS,NOTIFICATIONS,FR,,,Inhuman Resources,GMAIL.COM,,,,0
Tarik,2020-05-15 15:15:55,EMAIL_NEW_ARRIVALS,EMAIL,FR,fr,fr,Inhuman Resources,GMAIL.COM,,,,0
Tarik,2020-05-15 11:27:02,EMAIL_TOP_10,EMAIL,FR,fr,fr,Valeria,GMAIL.COM,,,,0
Tarik,2020-05-15 11:27:02,INAPP_TOP_10,NOTIFICATIONS,FR,,,Valeria,GMAIL.COM,,,windows-uwa,0
Tarik,2020-05-11 11:26:34,EMAIL_CONTINUE_WATCHING,EMAIL,FR,fr,fr,Breaking Bad,GMAIL.COM,,,,0
Tarik,2020-05-11 11:26:33,INAPP_CONTINUE_WATCHING,NOTIFICATIONS,FR,,,Breaking Bad,GMAIL.COM,,,,0
Tarik,2020-05-11 10:26:10,INAPP_THUMBS_SHORT_PLAY,NOTIFICATIONS,FR,,,House of Cards,GMAIL.COM,,,firefox-cadmium,0
Tarik,2020-05-11 09:30:12,EMAIL_THUMBS_SHORT_PLAY,EMAIL,FR,fr,fr,House of Cards,GMAIL.COM,,,,0
Tarik,2020-05-03 13:07:10,INAPP_NEW_ARRIVALS,NOTIFICATIONS,FR,,,Into the Night,GMAIL.COM,,,,0
Tarik,2020-05-03 13:07:10,EMAIL_NEW_ARRIVALS,EMAIL,FR,fr,fr,Into the Night,GMAIL.COM,,,,0
Tarik,2020-04-27 19:06:09,NEW_DEVICE_LOGIN,EMAIL,FR,fr,fr,,GMAIL.COM,,,,0
Tarik,2020-04-27 11:58:12,NEW_DEVICE_LOGIN,EMAIL,FR,fr,fr,,GMAIL.COM,,,,0
Tarik,2020-04-19 16:16:34,INAPP_NEW_ARRIVALS,NOTIFICATIONS,FR,,,Earth and Blood,GMAIL.COM,,,firefox-cadmium,0
Tarik,2020-04-19 16:16:34,EMAIL_NEW_ARRIVALS,EMAIL,FR,fr,fr,Earth and Blood,GMAIL.COM,,,,0
Tarik,2020-04-19 11:05:14,INAPP_WHAT_TO_WATCH,NOTIFICATIONS,FR,,,The Crown,GMAIL.COM,,,firefox-cadmium,0
Tarik,2020-04-19 10:22:12,EMAIL_WHAT_TO_WATCH_TOP_PICKS,EMAIL,FR,fr,fr,The Crown,GMAIL.COM,,,,0
Tarik,2020-04-14 12:39:55,INAPP_WHAT_TO_WATCH_SUGGESTIONS,NOTIFICATIONS,FR,,,Designated Survivor,GMAIL.COM,,,APPLE_iPhone8-1,0
Tarik,2020-04-14 12:39:55,EMAIL_WHAT_TO_WATCH_SUGGESTIONS,EMAIL,FR,fr,fr,Designated Survivor,GMAIL.COM,,,,0
Tarik,2020-04-10 16:46:33,CONFIRMATION_OF_PASSWORD_CHANGE,EMAIL,FR,fr,fr,,GMAIL.COM,,,,0
Tarik,2020-04-10 16:46:03,VERIFY_PHONE_SMS,SMS,FR,fr,fr,,GMAIL.COM,,,,0
Tarik,2020-04-10 16:44:52,HITCH_CONFIRMATION_ON_PHONE_NUMBER_ADD,EMAIL,FR,fr,fr,,GMAIL.COM,,,,0
Tarik,2020-04-10 16:44:51,VERIFY_PHONE_NUMBER_UMA,ALERTS,FR,,,,GMAIL.COM,,2020-04-10 16:46:02,--,1
Tarik,2020-04-10 16:44:37,ADD_PHONE_NUMBER_UMA,ALERTS,FR,,,,GMAIL.COM,,,,0
Tarik,2020-04-10 16:44:37,SIGNUP_CONFIRMATION_NETFLIX_MOPS,EMAIL,FR,fr,fr,,GMAIL.COM,,,,0
Both,2021-11-18 11:56:14,INAPP_NEW_ARRIVALS,NOTIFICATIONS,FR,,,Christmas Flow,GMAIL.COM,,,,0
Both,2021-11-13 15:03:41,INAPP_NEW_ARRIVALS,NOTIFICATIONS,FR,,,Red Notice,GMAIL.COM,,,,0
Both,2021-11-07 12:32:31,INAPP_NEW_ARRIVALS,NOTIFICATIONS,FR,,,Arcane,GMAIL.COM,,,,0
Both,2021-11-04 12:03:20,INAPP_NEW_ARRIVALS,NOTIFICATIONS,FR,,,Army of Thieves,GMAIL.COM,,,,0
Both,2021-10-27 10:36:28,INAPP_WATCH_IT_AGAIN,NOTIFICATIONS,FR,,,The Pursuit of Happyness,GMAIL.COM,,,,0
Both,2021-10-25 10:24:30,INAPP_NEW_ARRIVALS,NOTIFICATIONS,FR,,,Night Teeth,GMAIL.COM,,,,0
Both,2021-10-24 11:21:32,INAPP_NEW_ARRIVALS,NOTIFICATIONS,FR,,,Stuck Together,GMAIL.COM,,,,0
Both,2021-10-23 11:27:27,INAPP_COMING_SOON,NOTIFICATIONS,FR,,,,GMAIL.COM,,,firefox-cadmium,0
Both,2021-10-16 11:30:02,INAPP_NEW_ARRIVALS,NOTIFICATIONS,FR,,,My Name,GMAIL.COM,,,,0
Both,2021-10-14 11:13:19,INAPP_TOP_10,NOTIFICATIONS,FR,,,,GMAIL.COM,,,,0
Both,2021-10-07 11:06:26,INAPP_NEW_SEASON_ALERT,NOTIFICATIONS,FR,,,The Blacklist,GMAIL.COM,,,firefox-cadmium,0
Both,2021-10-06 10:05:22,INAPP_WHAT_TO_WATCH_MOVIE_NIGHT_HIGHLANDER,NOTIFICATIONS,FR,,,Sully,GMAIL.COM,,,firefox-cadmium,0
Both,2021-09-30 10:33:30,INAPP_COMING_SOON,NOTIFICATIONS,FR,,,,GMAIL.COM,,,firefox-cadmium,0
Both,2020-12-01 12:28:28,INAPP_NEW_ARRIVALS,NOTIFICATIONS,FR,,,Ava,GMAIL.COM,,,,0
Both,2020-10-30 15:23:35,INAPP_NEW_ARRIVALS,NOTIFICATIONS,FR,,,Rogue City,GMAIL.COM,,,,0
Both,2020-10-29 12:13:28,INAPP_TOP_10,NOTIFICATIONS,FR,,,Barbarians,GMAIL.COM,,,,0
Both,2020-10-29 12:01:10,INAPP_WHAT_TO_WATCH_ROW_THEMES_HIGHLANDER,NOTIFICATIONS,FR,,,Orange Is the New Black,GMAIL.COM,,,,0
Both,2020-10-23 12:05:17,INAPP_NEW_ARRIVALS,NOTIFICATIONS,FR,,,Barbarians,GMAIL.COM,,,,0
Both,2020-10-17 10:54:22,INAPP_NEW_ARRIVALS,NOTIFICATIONS,FR,,,La Révolution,GMAIL.COM,,,,0
Both,2020-10-13 11:03:23,INAPP_NEW_ARRIVALS,NOTIFICATIONS,FR,,,Bigflo & Oli: Hip Hop Frenzy,GMAIL.COM,,,,0
Both,2020-10-11 11:59:09,INAPP_WATCH_IT_AGAIN,NOTIFICATIONS,FR,,,The Pursuit of Happyness,GMAIL.COM,,,,0
Both,2020-10-06 11:44:42,INAPP_TOP_10,NOTIFICATIONS,FR,,,Emily in Paris,GMAIL.COM,,,,0
Both,2020-10-06 11:29:23,INAPP_ORIGINALS_PREPROMOTE,NOTIFICATIONS,FR,,,Bigflo & Oli: Hip Hop Frenzy,GMAIL.COM,,,,0
Both,2020-10-04 10:19:08,INAPP_WATCH_IT_AGAIN,NOTIFICATIONS,FR,,,13 Reasons Why,GMAIL.COM,,,,0
Both,2020-10-02 11:20:36,INAPP_TOP_10,NOTIFICATIONS,FR,,,Ratched,GMAIL.COM,,,,0
Both,2020-10-02 11:10:17,INAPP_CONTINUE_WATCHING,NOTIFICATIONS,FR,,,The Blacklist,GMAIL.COM,,,,0
Both,2020-08-10 10:13:15,INAPP_NEW_ARRIVALS,NOTIFICATIONS,FR,,,Anelka: Misunderstood,GMAIL.COM,,,,0
Both,2020-08-01 11:34:50,INAPP_CONTINUE_WATCHING,NOTIFICATIONS,FR,,,The Blacklist,GMAIL.COM,,,,0
Both,2020-08-01 10:23:00,INAPP_WHAT_TO_WATCH_ROW_THEMES_HIGHLANDER,NOTIFICATIONS,FR,,,13 Reasons Why,GMAIL.COM,,,,0
Both,2020-08-01 10:12:07,INAPP_TOP_10,NOTIFICATIONS,FR,,,Good Girls,GMAIL.COM,,,,0
Both,2020-05-26 11:29:49,ADD_EMAIL_TO_PROFILE_UMA,ALERTS,FR,,,,GMAIL.COM,,,,0
